sid,solubility
97522,1
198988,1
58879,1
44629,1
93183,1
166185,1
180427,1
25987,1
205394,1
236380,1
108256,1
94468,1
170900,1
44993,1
201494,1
251830,1
145801,1
223923,1
240510,1
44382,1
7079,1
218334,1
131198,1
182120,1
68514,1
49635,1
156677,1
165049,1
166235,1
238191,1
123676,1
11326,1
238614,1
52650,1
184229,1
158629,1
110687,1
47722,1
44751,1
109567,1
167923,1
156233,1
44965,1
70968,1
109998,1
144309,1
194973,1
52203,1
85060,1
198780,1
51665,1
189378,1
66588,1
81009,1
80342,1
84255,1
126373,1
187244,1
162921,1
101995,1
24964,1
237375,1
149737,1
218157,1
156195,1
42657,1
63540,1
222859,1
86624,1
222840,1
237602,1
95109,1
106828,1
209901,1
252223,1
166386,1
206672,1
235716,1
58860,1
187394,1
60295,1
126372,1
46303,1
215190,1
42643,1
132827,1
57873,1
79526,1
182254,1
187723,1
109786,1
162096,1
102188,1
190756,1
48635,1
118886,1
30709,1
45601,1
238006,1
109978,1
3699,1
98727,1
167183,1
296605,1
42514,1
97638,1
5992,1
241358,1
55416,1
21624,1
239579,1
178825,1
245510,1
215973,1
182235,1
249709,1
194290,1
190290,1
182407,1
44036,1
73293,1
8591,1
189423,1
218359,1
233895,1
156477,1
197442,1
163042,1
241176,1
49543,1
149416,1
190633,1
206667,1
165361,1
103626,1
1375,1
242671,1
58744,1
7673,1
194236,1
166276,1
51752,1
46954,1
167380,1
178460,1
64812,1
175109,1
11937,1
127630,1
52668,1
121325,1
109961,1
234351,1
123634,1
58562,1
102272,1
223936,1
5890,1
52595,1
130059,1
91139,1
22763,1
238820,1
82633,1
240370,1
241983,1
52265,1
51834,1
42825,1
12771,1
124946,1
176907,1
79935,1
44956,1
214314,1
164470,1
234770,1
92386,1
216278,1
102750,1
240697,1
237959,1
240627,1
236547,1
237923,1
89479,1
187736,1
110068,1
52549,1
55340,1
8319,1
79982,1
155501,1
109706,1
118919,1
243513,1
151945,1
51829,1
189305,1
42943,1
200977,1
201069,1
108160,1
207262,1
12309,1
169358,1
190567,1
210421,1
198787,1
189407,1
156405,1
20272,1
106840,1
68608,1
157281,1
44319,1
123263,1
42663,1
240483,1
111219,1
235707,1
102839,1
61182,1
121782,1
52264,1
91030,1
252582,1
182222,1
43947,1
165059,1
187119,1
59924,1
46845,1
226629,1
64276,1
225967,1
1354,1
237573,1
84191,1
241059,1
177818,1
169337,1
149637,1
133311,1
200605,1
44018,1
217197,1
83016,1
122800,1
110701,1
166416,1
51383,1
201040,1
110363,1
49928,1
115098,1
45124,1
49649,1
46894,1
42494,1
81719,1
51333,1
227344,1
194244,1
124220,1
63543,1
294298,1
240580,1
22658,1
239951,1
89172,1
82823,1
51186,1
179244,1
47914,1
117876,1
102762,1
153033,1
56440,1
129786,1
165644,1
188545,1
6430,1
27251,1
187871,1
57214,1
243406,1
2311,1
44366,1
236462,1
165122,1
9292,1
237862,1
194958,1
176078,1
122683,1
45410,1
194308,1
126869,1
222847,1
60993,1
46837,1
242265,1
104952,1
47655,1
117701,1
237741,1
46177,1
30813,1
909,1
83666,1
917,1
155539,1
232226,1
193638,1
149419,1
196893,1
55202,1
106784,1
223943,1
192048,1
170998,1
55355,1
16467,1
61569,1
47223,1
42544,1
213285,1
45597,1
181637,1
7018,1
191828,1
189367,1
214292,1
53764,1
240782,1
96061,1
294911,1
156026,1
150331,1
102994,1
116310,1
21487,1
81137,1
243303,1
200460,1
109201,1
149489,1
210364,1
156710,1
191954,1
59139,1
160508,1
241820,1
120703,1
286849,1
121088,1
215613,1
46216,1
132457,1
84246,1
51933,1
47659,1
287027,1
92685,1
51864,1
28712,1
1588,1
68844,1
109741,1
223925,1
111516,1
155723,1
227699,1
169936,1
294608,1
116976,1
16443,1
235147,1
119225,1
100401,1
43975,1
187840,1
122820,1
82837,1
199443,1
6948,1
23506,1
7391,1
205709,1
239492,1
59965,1
149405,1
79828,1
42955,1
242190,1
16866,1
52286,1
241633,1
235613,1
97445,1
7675,1
87219,1
194228,1
97635,1
242177,1
51182,1
133235,1
57631,1
240619,1
238390,1
215174,1
215366,1
4641,1
235273,1
10885,1
156122,1
91052,1
110224,1
51860,1
42713,1
107438,1
227109,1
223160,1
177301,1
231250,1
110838,1
215728,1
243196,1
149555,1
46236,1
61522,1
51638,1
156516,1
46848,1
218382,1
79886,1
144149,1
165528,1
117490,1
206873,1
180420,1
241495,1
42824,1
97706,1
58046,1
287134,1
226582,1
189534,1
122066,1
110623,1
237539,1
156082,1
108760,1
182672,1
1346,1
178392,1
108059,1
46278,1
73070,1
45088,1
59108,1
190317,1
242803,1
235115,1
8110,1
102671,1
238960,1
171378,1
226869,1
46088,1
225111,1
243960,1
12434,1
178202,1
12337,1
104479,1
169934,1
186851,1
242745,1
50951,1
106844,1
238440,1
73702,1
167621,1
119019,1
84770,1
144477,1
121777,1
47403,1
77311,1
177570,1
68741,1
169363,1
215253,1
132218,1
53076,1
234505,1
116374,1
97619,1
80235,1
21547,1
234166,1
241647,1
24166,1
202093,1
103643,1
516,1
123524,1
194263,1
187811,1
52442,1
83901,1
107933,1
194245,1
43910,1
56136,1
238898,1
226533,1
171172,1
156252,1
238706,1
98239,1
46857,1
42198,1
207593,1
216213,1
165645,1
47791,1
187730,1
111343,1
47169,1
155863,1
109298,1
226556,1
149445,1
110601,1
85458,1
197156,1
178278,1
171241,1
190352,1
296481,1
237826,1
169401,1
234766,1
217056,1
48648,1
23669,1
187146,1
242791,1
88939,1
102708,1
53366,1
162069,1
52970,1
52691,1
44990,1
77846,1
82832,1
57582,1
12590,1
43022,1
46340,1
194251,1
110134,1
163038,1
241249,1
109506,1
28705,1
232363,1
236206,1
166419,1
178330,1
5089,1
51931,1
61176,1
53759,1
237267,1
110042,1
242343,1
111927,1
46822,1
241648,1
238695,1
5589,1
9078,1
112866,1
235455,1
239271,1
12659,1
241272,1
97461,1
167477,1
51601,1
11328,1
150028,1
156073,1
240081,1
182223,1
149444,1
245553,1
237938,1
166343,1
46797,1
3688,1
58959,1
111376,1
117934,1
109287,1
198987,1
49612,1
236995,1
233902,1
187344,1
160478,1
53656,1
194232,1
46763,1
226893,1
103682,1
51962,1
242544,1
133739,1
215722,1
57565,1
51739,1
238749,1
52232,1
80944,1
236545,1
53369,1
9153,1
201614,1
121651,1
42246,1
112609,1
175179,1
156393,1
42773,1
116617,1
235035,1
191936,1
238745,1
202528,1
226851,1
55206,1
9686,1
46346,1
79959,1
80106,1
81899,1
241287,1
84473,1
103919,1
107139,1
23639,1
128886,1
239635,1
94341,1
217808,1
223535,1
243272,1
44013,1
190452,1
95847,1
156892,1
106121,1
240890,1
58466,1
97621,1
234239,1
101924,1
237687,1
179981,1
102364,1
33891,1
97369,1
61037,1
49548,1
161888,1
186846,1
119701,1
224277,1
237000,1
107648,1
52330,1
89835,1
187889,1
149581,1
190795,1
252206,1
42750,1
24939,1
2293,1
216182,1
53884,1
227523,1
107985,1
224042,1
3333,1
215363,1
113674,1
86774,1
182312,1
50856,1
46799,1
201231,1
119605,1
52073,1
196679,1
202087,1
237445,1
124454,1
113544,1
237742,1
110147,1
237990,1
106647,1
52382,1
5097,1
83703,1
189345,1
3695,1
152175,1
149458,1
77502,1
45043,1
80493,1
116324,1
187839,1
47597,1
6022,1
165454,1
106962,1
109784,1
242832,1
241622,1
81888,1
187485,1
43953,1
48593,1
175272,1
232357,1
155521,1
198253,1
26726,1
210145,1
1529,1
237511,1
224889,1
3231,1
241718,1
223888,1
1839,1
180997,1
12805,1
46329,1
58439,1
190857,1
238192,1
241177,1
119379,1
193246,1
111445,1
81981,1
130069,1
236680,1
6203,1
237674,1
96261,1
210187,1
234578,1
20583,1
107922,1
94343,1
243056,1
94064,1
46905,1
186898,1
43572,1
114558,1
44351,1
96408,1
44393,1
51868,1
59892,1
47340,1
49851,1
12401,1
47817,1
16460,1
110572,1
222871,1
116877,1
224665,1
194943,1
16622,1
198069,1
82034,1
58486,1
93131,1
22081,1
97738,1
6497,1
226539,1
190834,1
112288,1
201968,1
208829,1
166505,1
178906,1
210151,1
234910,1
198697,1
48602,1
57835,1
186856,1
64822,1
80477,1
104908,1
186719,1
152655,1
111858,1
166254,1
110980,1
170077,1
195996,1
207325,1
208863,1
177502,1
8554,1
176796,1
2517,1
93487,1
149425,1
199094,1
51751,1
116872,1
233707,1
170418,1
107851,1
294402,1
53666,1
242498,1
242842,1
44049,1
46776,1
224174,1
97707,1
64776,1
166183,1
6151,1
132226,1
232261,1
87617,1
3797,1
102824,1
239014,1
12427,1
121329,1
194278,1
3951,1
224296,1
217757,1
108174,1
187235,1
51679,1
155905,1
287687,1
79796,1
160455,1
208993,1
217569,1
226545,1
217576,1
53122,1
9601,1
58001,1
47418,1
101037,1
197152,1
79883,1
149518,1
210467,1
69427,1
43010,1
5390,1
189279,1
238138,1
83872,1
85684,1
44371,1
182119,1
88775,1
180292,1
156037,1
3624,1
43625,1
58907,1
2129,1
53790,1
149542,1
165075,1
27162,1
199043,1
20093,1
241041,1
44314,1
217654,1
235922,1
216193,1
79821,1
107912,1
176730,1
245495,1
240786,1
11334,1
190694,1
164421,1
241764,1
198490,1
42891,1
97713,1
97567,1
111304,1
57661,1
45337,1
180610,1
241693,1
166307,1
52091,1
292713,1
109070,1
156242,1
157215,1
224062,1
1749,1
241812,1
42791,1
199762,1
98161,1
200352,1
109816,1
169943,1
120381,1
122108,1
119157,1
43973,1
115675,1
109747,1
45355,1
161924,1
234511,1
166855,1
126209,1
244006,1
217551,1
165082,1
52074,1
43976,1
23569,1
231975,1
217557,1
182138,1
199978,1
187145,1
86526,1
206662,1
216149,1
82916,1
217896,1
193774,1
90824,1
108047,1
223992,1
44380,1
87473,1
179014,1
47527,1
39091,1
224299,1
44021,1
156251,1
65494,1
155528,1
45610,1
89371,1
98599,1
123772,1
78657,1
63938,1
107848,1
45631,1
126743,1
51666,1
237522,1
189250,1
5215,1
110767,1
252028,1
52715,1
108303,1
1454,1
42991,1
166064,1
44308,1
225120,1
240969,1
243424,1
224276,1
57004,1
52031,1
42734,1
194730,1
42619,1
238656,1
218119,1
1485,1
55299,1
80394,1
76265,1
224622,1
52593,1
56571,1
215248,1
198454,1
194761,1
103286,1
149583,1
241825,1
194949,1
243954,1
42942,1
102650,1
214978,1
187727,1
64875,1
198158,1
113614,1
44343,1
53498,1
101990,1
194248,1
164439,1
49832,1
46196,1
190830,1
80159,1
205239,1
103629,1
18308,1
11337,1
120378,1
116080,1
57877,1
223529,1
117245,1
26501,1
242135,1
6625,1
206885,1
235379,1
241195,1
46153,1
194249,1
234793,1
80322,1
191852,1
240606,1
114066,1
239454,1
104972,1
106268,1
222861,1
85393,1
1425,1
12061,1
54434,1
215868,1
187653,1
170057,1
218514,1
177374,1
159367,1
48910,1
237377,1
8390,1
59792,1
48955,1
190750,1
215842,1
162981,1
46511,1
215779,1
224767,1
227207,1
168054,1
149604,1
162900,1
242472,1
175196,1
208841,1
11735,1
122884,1
80677,1
50353,1
51141,1
200200,1
46454,1
101936,1
177318,1
45904,1
236767,1
60572,1
217473,1
288344,1
45657,1
68819,1
92682,1
287016,1
153569,1
4836,1
12219,1
59528,1
169650,1
218903,1
45853,1
53723,1
57766,1
165903,1
210152,1
45217,1
215724,1
58803,1
190595,1
112235,1
60403,1
160151,1
242667,1
57736,1
200241,1
181541,1
144340,1
52391,1
181594,1
252592,1
59467,1
20623,1
83106,1
102659,1
249160,1
169044,1
36108,1
189452,1
180902,1
189010,1
20548,1
180599,1
1432,1
207316,1
242154,1
66889,1
80359,1
62805,1
289481,1
45116,1
30287,1
168414,1
1690,1
207577,1
156184,1
252529,1
43357,1
53638,1
58699,1
191285,1
166511,1
168454,1
56472,1
252122,1
227617,1
63181,1
80134,1
48055,1
80689,1
54458,1
80459,1
51803,1
108773,1
218015,1
23291,1
219287,1
171217,1
252830,1
68515,1
58171,1
86341,1
187663,1
57663,1
31486,1
181325,1
286966,1
150047,1
52667,1
150580,1
153220,1
215441,1
169068,1
210292,1
53237,1
205476,1
149896,1
252607,1
168340,1
177855,1
97330,1
131730,1
154133,1
53139,1
32476,1
86368,1
242266,1
54706,1
29326,1
49859,1
187448,1
53097,1
172558,1
164094,1
227153,1
185039,1
159409,1
51403,1
207478,1
165829,1
42926,1
242573,1
124822,1
155962,1
209153,1
50043,1
60034,1
206865,1
195337,1
185974,1
153573,1
51686,1
165566,1
26840,1
169459,1
189323,1
185038,1
60713,1
101848,1
26576,1
109801,1
55519,1
226195,1
21017,1
178462,1
81630,1
180952,1
69814,1
43053,1
45260,1
144187,1
111312,1
52329,1
98717,1
214908,1
214888,1
171865,1
186844,1
43368,1
45891,1
47114,1
166900,1
1643,1
190764,1
80032,1
64282,1
190690,1
50122,1
31766,1
31953,1
12146,1
12464,1
169865,1
242415,1
166380,1
50177,1
2079,1
190541,1
52825,1
288500,1
192,1
30862,1
166327,1
84227,1
172457,1
91902,1
53169,1
39430,1
50847,1
170692,1
181761,1
64301,1
156256,1
61332,1
288235,1
165581,1
205480,1
288378,1
162516,1
208915,1
46460,1
186928,1
149709,1
147363,1
168522,1
89348,1
144400,1
151524,1
29081,1
44134,1
252829,1
80181,1
288207,1
287950,1
89253,1
217455,1
80138,1
61578,1
89779,1
132669,1
59946,1
179432,1
52962,1
57842,1
205477,1
2515,1
51431,1
35343,1
66655,1
287153,1
188857,1
184654,1
218458,1
103761,1
194260,1
178029,1
110696,1
249722,1
150554,1
167924,1
217748,1
52050,1
6489,1
175998,1
17141,1
111558,1
12793,1
167746,1
103245,1
165452,1
51560,1
294385,1
75934,1
25789,1
189528,1
159962,1
116542,1
80143,1
52248,1
43346,1
155378,1
176825,1
43778,1
168541,1
239735,1
42132,1
187388,1
187007,1
217754,1
172609,1
104431,1
168743,1
92003,1
58096,1
109514,1
185298,1
217620,1
252042,1
53070,1
1626,1
205704,1
25310,1
7587,1
156239,1
20707,1
240776,1
116234,1
242395,1
48308,1
251056,1
35636,1
156751,1
240614,1
97396,1
170653,1
178358,1
200369,1
57422,1
97614,1
80495,1
94726,1
11825,1
244337,1
96288,1
50231,1
189151,1
17159,1
98203,1
61550,1
52675,1
207419,1
58970,1
165580,1
2011,1
177537,1
289421,1
242406,1
180738,1
251859,1
45887,1
49847,1
170178,1
201380,1
160226,1
242945,1
46351,1
168700,1
52252,1
251876,1
32752,1
189714,1
169258,1
60361,1
179464,1
32800,1
217632,1
22603,1
168966,1
60635,1
163179,1
4237,1
242663,1
47313,1
241010,1
159438,1
28463,1
107403,1
43734,1
189848,1
162020,1
21971,1
47754,1
217627,1
168735,1
60481,1
42830,1
23378,1
223321,1
50022,1
168841,1
154779,1
215937,1
12610,1
164617,1
1885,1
207381,1
24604,1
215662,1
87933,1
80388,1
58973,1
80770,1
109318,1
189749,1
208961,1
45882,1
181249,1
86608,1
227541,1
187991,1
218640,1
207571,1
58575,1
22548,1
294870,1
47755,1
184481,1
188864,1
42892,1
29828,1
95968,1
53370,1
42578,1
215351,1
231298,1
45966,1
194189,1
51548,1
50338,1
153640,1
167608,1
150887,1
222523,1
150551,1
32621,1
61535,1
29921,1
4794,1
30443,1
252575,1
176572,1
47073,1
215512,1
207357,1
1994,1
28399,1
49116,1
251073,1
53558,1
20750,1
43406,1
156832,1
103765,1
81925,1
167916,1
152125,1
206437,1
210291,1
120305,1
60151,1
155562,1
217752,1
21238,1
169881,1
52893,1
50607,1
24263,1
57813,1
26250,1
61986,1
23459,1
217630,1
168673,1
181601,1
188235,1
31899,1
207964,1
239578,1
32440,1
178475,1
290141,1
150774,1
287614,1
153214,1
38570,1
217842,1
50329,1
175159,1
120632,1
158749,1
165719,1
6933,1
79994,1
53357,1
219295,1
200494,1
169170,1
23384,1
59193,1
287958,1
79855,1
47747,1
180029,1
43687,1
58118,1
57799,1
170713,1
177542,1
288316,1
132801,1
217635,1
288014,1
167572,1
288444,1
156099,1
167914,1
74420,1
252143,1
45968,1
53324,1
59320,1
168001,1
12689,1
49780,1
53992,1
56585,1
59607,1
172477,1
64433,1
215792,1
54714,1
187412,1
194115,1
189414,1
54506,1
92708,1
102730,1
53803,1
46489,1
46357,1
209202,1
84781,1
288473,1
50627,1
169038,1
3812,1
287573,1
176336,1
157064,1
184302,1
67895,1
202806,1
217851,1
44755,1
227407,1
81206,1
222419,1
169206,1
104112,1
207666,1
29915,1
132818,1
288161,1
52205,1
207355,1
178647,1
26068,1
287169,1
243315,1
20124,1
50516,1
59473,1
56896,1
197388,1
6457,1
149635,1
54436,1
97332,1
156585,1
134105,1
22514,1
294410,1
170265,1
67740,1
53093,1
63940,1
45916,1
25878,1
170145,1
169018,1
153952,1
52672,1
244004,1
11640,1
77087,1
162661,1
25395,1
71932,1
170195,1
156438,1
119771,1
156376,1
80077,1
128276,1
54457,1
81993,1
80632,1
5232,1
107040,1
91395,1
122772,1
9138,1
190289,1
165743,1
217751,1
169898,1
170300,1
210288,1
67414,1
178002,1
43362,1
169820,1
60577,1
167784,1
149822,1
42568,1
286617,1
169829,1
207650,1
237682,1
170771,1
110115,1
53195,1
248095,1
242080,1
12647,1
165990,1
99096,1
48363,1
57768,1
89708,1
154129,1
190688,1
29927,1
126526,1
48335,1
167472,1
224526,1
242524,1
150272,1
6483,1
209702,1
207247,1
52625,1
286737,1
185381,1
111241,1
169923,1
207924,1
47780,1
294384,1
168876,1
217625,1
232283,1
224395,1
182473,1
114869,1
11643,1
51865,1
200378,1
92837,1
31487,1
204832,1
242027,1
190484,1
209857,1
170755,1
250090,1
245496,1
206880,1
103979,1
30817,1
57203,1
5159,1
2196,1
167890,1
159920,1
94685,1
60043,1
52800,1
58601,1
155132,1
18540,1
154769,1
217467,1
190432,1
178471,1
169396,1
53668,1
144709,1
236910,1
175489,1
159477,1
50451,1
60980,1
73247,1
170736,1
286854,1
45858,1
57299,1
170752,1
159577,1
82792,1
12352,1
60404,1
252758,1
152010,1
144048,1
61672,1
20946,1
218858,1
217621,1
152425,1
52719,1
235950,1
180163,1
243772,1
52750,1
239693,1
187603,1
83294,1
217636,1
160380,1
170219,1
119156,1
182015,1
215506,1
168389,1
190507,1
32853,1
58274,1
61556,1
209524,1
28587,1
53398,1
71859,1
170203,1
169932,1
185422,1
159152,1
177608,1
189440,1
208973,1
181533,1
251064,1
224517,1
46944,1
153191,1
79775,1
153183,1
25130,1
150690,1
190375,1
217445,1
169336,1
168366,1
64847,1
52508,1
225,1
184456,1
60033,1
185132,1
90942,1
31770,1
157296,1
287181,1
44742,1
31081,1
53001,1
155882,1
57948,1
38377,1
52914,1
190627,1
2144,1
187395,1
217876,1
38546,1
180711,1
176088,1
176209,1
210033,1
72829,1
60568,1
175939,1
47336,1
1546,1
252597,1
53315,1
51597,1
158812,1
12369,1
169101,1
206015,1
286809,1
215602,1
194287,1
67471,1
28419,1
176647,1
109969,1
181629,1
24404,1
43153,1
170272,1
166420,1
29578,1
227365,1
8641,1
80943,1
116848,1
29680,1
160168,1
215569,1
165724,1
168322,1
57823,1
159502,1
168210,1
249975,1
155924,1
53327,1
69884,1
178935,1
251272,1
53359,1
190293,1
167963,1
168148,1
194261,1
45050,1
244847,1
24944,1
43341,1
160311,1
54683,1
104641,1
175156,1
189070,1
198258,1
179438,1
243650,1
29545,1
169946,1
169607,1
54655,1
105384,1
50080,1
82667,1
207662,1
66585,1
151048,1
170675,1
178282,1
243138,1
153208,1
144411,1
11644,1
176210,1
160801,1
215294,1
60979,1
31809,1
109742,1
42213,1
52581,1
53255,1
29808,1
172708,1
227163,1
61777,1
179050,1
166233,1
110289,1
238651,1
169090,1
167599,1
217626,1
107493,1
162946,1
53734,1
187163,1
63511,1
224322,1
26589,1
177558,1
252510,1
206756,1
215572,1
228035,1
105817,1
6460,1
48894,1
58700,1
152512,1
65211,1
227607,1
185092,1
187758,1
154127,1
91591,1
162283,1
187888,1
235573,1
217492,1
51750,1
150371,1
49019,1
289419,1
144355,1
215611,1
288213,1
188835,1
42209,1
170196,1
44888,1
192197,1
49018,1
49733,1
272,1
215471,1
245363,1
43197,1
31893,1
231289,1
52520,1
79729,1
46897,1
144135,1
168654,1
181701,1
188251,1
99876,1
42851,1
47545,1
240440,1
43733,1
31349,1
42317,1
170279,1
163150,1
107352,1
187294,1
120322,1
180652,1
12317,1
153261,1
20649,1
54692,1
133312,1
1619,1
86764,1
56057,1
31872,1
61598,1
53247,1
168853,1
251035,1
80485,1
190073,1
151551,1
190739,1
54549,1
193944,1
252666,1
159519,1
100560,1
42958,1
112745,1
189480,1
249663,1
245455,1
160144,1
150947,1
151938,1
226159,1
53693,1
217853,1
168809,1
169425,1
53960,1
20993,1
53979,1
46953,1
219489,1
168458,1
62906,1
214558,1
287184,1
207443,1
222525,1
81033,1
208689,1
53739,1
234398,1
12414,1
126333,1
223590,1
109596,1
1897,1
187650,1
210370,1
34390,1
109715,1
182210,1
28455,1
46480,1
168379,1
7229,1
252488,1
157944,1
32472,1
217828,1
59506,1
58723,1
287551,1
165608,1
169734,1
12692,1
57710,1
189075,1
21126,1
47514,1
144109,1
5110,1
188752,1
185121,1
54216,1
217801,1
50283,1
185359,1
48952,1
189603,1
240122,1
224368,1
48037,1
60018,1
12791,1
63483,1
240691,1
217624,1
181763,1
60663,1
144579,1
30841,1
168661,1
52910,1
48365,1
252825,1
45031,1
43112,1
54625,1
193928,1
170148,1
50148,1
149807,1
53226,1
55573,1
54721,1
144814,1
252810,1
27245,1
215189,1
178807,1
90935,1
215893,1
176049,1
166150,1
215841,1
21132,1
60458,1
179516,1
151341,1
153192,1
80640,1
47270,1
81792,1
92503,1
12594,1
87846,1
252613,1
58615,1
72430,1
47302,1
53137,1
188385,1
217429,1
192087,1
59485,1
179435,1
23275,1
179531,1
74270,1
58685,1
58409,1
1623,1
124420,1
204817,1
54626,1
29838,1
12627,1
12361,1
92582,1
240897,1
168710,1
169814,1
48383,1
207547,1
59822,1
166096,1
243393,1
217436,1
3714,1
175502,1
30867,1
156858,1
231260,1
250095,1
45856,1
234381,1
71925,1
80800,1
58872,1
169906,1
93285,1
107349,1
215618,1
227508,1
217641,1
153636,1
166330,1
207565,1
223513,1
216214,1
210248,1
252228,1
151992,1
294318,1
217622,1
29340,1
44145,1
181829,1
34231,1
46355,1
51888,1
54515,1
121422,1
53561,1
198905,1
65433,1
21055,1
168335,1
97442,1
81286,1
1616,1
62056,1
155848,1
169964,1
144290,1
44775,1
36804,1
189448,1
155567,1
169791,1
294863,1
26874,1
68558,1
147281,1
218515,1
182177,1
52948,1
57919,1
53540,1
53015,1
163065,1
165834,1
172571,1
18687,1
240579,1
231258,1
99112,1
150094,1
49758,1
227162,1
48878,1
190623,1
39334,1
146765,1
1341,1
188851,1
125242,1
236731,1
2175,1
9193,1
207484,1
53123,1
105025,1
243340,1
150739,1
215591,1
150275,1
210214,1
170703,1
210293,1
20033,1
45932,1
215956,1
50159,1
168684,1
54387,1
69354,1
234945,1
172529,1
31296,1
168686,1
187617,1
75616,1
43776,1
22795,1
16795,1
56192,1
45644,1
241678,1
178805,1
168357,1
20290,1
12327,1
84457,1
79336,1
217760,1
235858,1
185328,1
43750,1
167102,1
154211,1
153880,1
1806,1
182239,1
95582,1
92861,1
80003,1
30851,1
1628,1
6171,1
50151,1
185274,1
53478,1
210289,1
54520,1
165847,1
48049,1
243349,1
12455,1
53588,1
49098,1
162870,1
80031,1
144624,1
195746,1
32836,1
109641,1
176236,1
189567,1
54732,1
45906,1
144699,1
150469,1
252852,1
156095,1
45341,1
217649,1
168797,1
21380,1
167917,1
58031,1
12753,1
48200,1
12448,1
168557,1
226955,1
217528,1
169786,1
24997,1
60445,1
170519,1
57814,1
168912,1
166987,1
234734,1
200619,1
160133,1
43094,1
159790,1
191296,1
252544,1
144616,1
172627,1
252763,1
60447,1
111307,1
46910,1
215035,1
214938,1
160253,1
184467,1
80398,1
126552,1
169762,1
118228,1
12322,1
214049,1
30859,1
168695,1
170097,1
252746,1
22617,1
76955,1
53073,1
288229,1
166975,1
54250,1
116119,1
64612,1
20039,1
26133,1
177292,1
169757,1
217910,1
64286,1
252568,1
206921,1
43236,1
32338,1
210328,1
52079,1
23825,1
224387,1
11560,1
187890,1
169699,1
169785,1
11678,1
118920,1
176095,1
170596,1
287889,1
149867,1
178749,1
156953,1
64785,1
113461,1
53920,1
79792,1
59025,1
224159,1
287498,1
242394,1
53637,1
35549,1
151921,1
65304,1
22268,1
58050,1
234609,1
226601,1
47956,1
290143,1
166980,1
238958,1
169727,1
53900,1
209024,1
119809,1
243036,1
79891,1
159097,1
251409,1
202969,1
205398,1
150644,1
252754,1
215760,1
170586,1
170580,1
53778,1
164021,1
98162,1
32350,1
57794,1
169770,1
210327,1
186977,1
215504,1
170558,1
97685,1
61410,1
252285,1
57797,1
250716,1
205903,1
45416,1
104078,1
53445,1
45643,1
206757,1
182792,1
29976,1
119993,1
286639,1
144675,1
170391,1
252756,1
217530,1
74176,1
156322,1
57690,1
206852,1
156915,1
251066,1
159691,1
57775,1
81090,1
175954,1
182245,1
226574,1
52808,1
178054,1
249732,1
64289,1
166148,1
235077,1
153250,1
182538,1
182099,1
207592,1
210440,1
209031,1
176203,1
247941,1
170385,1
252495,1
250668,1
252880,1
59027,1
12385,1
115928,1
17161,1
163671,1
162906,1
27502,1
205980,1
210444,1
167781,1
165681,1
57574,1
150561,1
169661,1
20900,1
68990,1
168838,1
169160,1
25785,1
43240,1
165004,1
151393,1
17167,1
180919,1
287539,1
186949,1
52793,1
167716,1
166238,1
250206,1
228145,1
79042,1
111429,1
120444,1
249255,1
21626,1
60448,1
210377,1
242310,1
217531,1
64291,1
123238,1
210343,1
217891,1
177651,1
252072,1
1388,1
276911,1
32258,1
79962,1
59053,1
218646,1
46399,1
18314,1
144702,1
23822,1
144291,1
144575,1
227727,1
166989,1
32133,1
167164,1
165893,1
218784,1
206868,1
170389,1
43226,1
164020,1
156227,1
159133,1
242849,1
249957,1
151130,1
163147,1
207070,1
169771,1
12619,1
60120,1
48197,1
215823,1
151275,1
155580,1
168392,1
227160,1
165871,1
27712,1
165409,1
165605,1
156774,1
251060,1
218726,1
169576,1
97275,1
160110,1
6829,1
288363,1
12602,1
170390,1
185047,1
35570,1
191294,1
64818,1
57932,1
242065,1
243523,1
156478,1
160019,1
45244,1
51943,1
215829,1
23524,1
60136,1
175249,1
168595,1
46913,1
206815,1
64322,1
214957,1
50171,1
25123,1
187473,1
215732,1
168617,1
11715,1
43653,1
167597,1
204824,1
252191,1
206581,1
60350,1
176844,1
169995,1
179126,1
106210,1
22963,1
149613,1
218497,1
238806,1
169444,1
222627,1
102002,1
170600,1
179480,1
185727,1
7931,1
218300,1
163000,1
160392,1
187505,1
163084,1
207407,1
165876,1
60483,1
52860,1
28621,1
111596,1
132992,1
144588,1
167169,1
165542,1
66728,1
11774,1
245573,1
150595,1
60457,1
168180,1
119097,1
61603,1
165955,1
11824,1
57816,1
199517,1
53562,1
12742,1
234513,1
103849,1
240581,1
11895,1
165654,1
168039,1
27235,1
169653,1
170543,1
286568,1
52787,1
169849,1
1599,1
219219,1
178790,1
170517,1
36959,1
154222,1
242074,1
226682,1
168208,1
155915,1
68798,1
52443,1
155392,1
21775,1
169562,1
167906,1
17193,1
168789,1
7290,1
156396,1
191290,1
181470,1
26064,1
176783,1
124775,1
200622,1
169832,1
210326,1
200465,1
144026,1
65370,1
189578,1
170388,1
150698,1
217915,1
252769,1
50531,1
97406,1
50417,1
121098,1
251100,1
287802,1
243563,1
153340,1
170518,1
144726,1
25942,1
159787,1
116333,1
53896,1
166048,1
123374,1
51919,1
166999,1
48216,1
1796,1
187604,1
68750,1
226596,1
5829,1
105655,1
48653,1
117768,1
225330,1
58595,1
58338,1
210253,1
240885,1
160469,1
113668,1
68931,1
150229,1
158688,1
241294,1
120902,1
175204,1
224246,1
109704,1
111344,1
238288,1
225352,1
54240,1
198573,1
241787,1
241470,1
189027,1
237828,1
158677,1
226801,1
240661,1
242998,1
111860,1
149495,1
123509,1
6614,1
57846,1
110764,1
156052,1
120393,1
243990,1
26534,1
132048,1
6738,1
7337,1
241496,1
52208,1
109841,1
119600,1
87985,1
243241,1
240724,1
235907,1
12475,1
102220,1
215003,1
119943,1
116861,1
242741,1
222860,1
50816,1
241338,1
232598,1
198967,1
81044,1
223755,1
116928,1
156881,1
241502,1
178396,1
116116,1
57866,1
155494,1
241539,1
111440,1
235432,1
241110,1
117940,1
227769,1
245450,1
78979,1
61698,1
121065,1
102748,1
110721,1
73559,1
232219,1
224220,1
225262,1
190308,1
156199,1
242364,1
113626,1
243119,1
130996,1
236144,1
223652,1
102324,1
237935,1
238262,1
81613,1
60353,1
234971,1
109826,1
122937,1
106099,1
102716,1
240147,1
44974,1
105807,1
198623,1
235545,1
130040,1
242038,1
109752,1
187258,1
226591,1
230688,1
241147,1
190886,1
44680,1
241643,1
106277,1
111229,1
186736,1
110745,1
241214,1
224124,1
110229,1
240634,1
6004,1
103296,1
188789,1
200351,1
11734,1
109453,1
109236,1
117193,1
65131,1
237714,1
81908,1
241149,1
234678,1
104143,1
9099,1
242352,1
8624,1
224491,1
238548,1
85815,1
241770,1
155641,1
158465,1
110722,1
109996,1
6780,1
117603,1
242063,1
1365,1
194239,1
64578,1
72632,1
156181,1
133016,1
190304,1
80518,1
178856,1
217869,1
154762,1
121203,1
201755,1
236882,1
97640,1
131967,1
109708,1
109385,1
105716,1
70396,1
5836,1
49888,1
175058,1
108300,1
241089,1
16896,1
58513,1
149824,1
105495,1
109812,1
202094,1
238603,1
106001,1
52534,1
125904,1
236896,1
217283,1
121403,1
131100,1
5396,1
237616,1
45699,1
132654,1
3212,1
234758,1
201236,1
241230,1
110725,1
54031,1
236638,1
190483,1
52325,1
189421,1
156216,1
107494,1
17122,1
241490,1
116120,1
119562,1
242911,1
194374,1
102868,1
1786,1
240341,1
119851,1
238735,1
156230,1
156513,1
236757,1
113321,1
241009,1
117257,1
5857,1
107976,1
74637,1
241156,1
241283,1
68813,1
119108,1
239278,1
157223,1
241557,1
32169,1
179105,1
126738,1
35819,1
108935,1
153521,1
3260,1
64318,1
179168,1
132878,1
12764,1
252173,1
207545,1
245534,1
93145,1
178441,1
288343,1
70525,1
179406,1
98321,1
189526,1
36759,1
150360,1
180905,1
50000,1
188205,1
217509,1
252799,1
22413,1
243202,1
48846,1
288530,1
251274,1
168173,1
243543,1
184217,1
113692,1
149203,1
52100,1
210309,1
30855,1
60351,1
450,1
57804,1
167247,1
188888,1
29519,1
237784,1
122740,1
48004,1
179107,1
59865,1
215865,1
176258,1
207271,1
144219,1
108529,1
160313,1
290138,1
50706,1
170459,1
194161,1
49915,1
160294,1
51345,1
98640,1
3620,1
194106,1
286575,1
24935,1
252788,1
170622,1
32121,1
5777,1
207374,1
178933,1
154723,1
170308,1
33593,1
149617,1
20758,1
208637,1
234798,1
159479,1
172437,1
120451,1
200882,1
152133,1
80805,1
32979,1
251419,1
190671,1
35569,1
153905,1
85943,1
50001,1
12749,1
190089,1
125173,1
178792,1
59162,1
210189,1
149803,1
207422,1
36820,1
60399,1
181715,1
184189,1
42832,1
109789,1
85626,1
152094,1
91920,1
104771,1
11449,1
63130,1
215571,1
120104,1
42915,1
209442,1
58735,1
22874,1
252522,1
215122,1
30213,1
152862,1
170296,1
287708,1
217508,1
124228,1
92253,1
207421,1
169797,1
206850,1
228097,1
150635,1
224275,1
218708,1
218923,1
160068,1
210315,1
7930,1
150626,1
151979,1
149839,1
46364,1
215503,1
110090,1
218287,1
210191,1
61597,1
144029,1
242382,1
92218,1
181614,1
109371,1
207628,1
214923,1
207297,1
32103,1
29810,1
227866,1
36807,1
215616,1
12705,1
48224,1
59682,1
210313,1
252800,1
168498,1
242739,1
168185,1
58182,1
210439,1
79795,1
97030,1
119563,1
215828,1
234914,1
170079,1
11720,1
20663,1
219503,1
225017,1
117244,1
169061,1
61558,1
155785,1
146071,1
12816,1
79841,1
97260,1
165462,1
200609,1
213966,1
131007,1
188910,1
46901,1
170301,1
207958,1
68275,1
234970,1
74958,1
187157,1
176799,1
48248,1
43271,1
49722,1
170338,1
288024,1
46425,1
11859,1
150256,1
252120,1
182708,1
23450,1
288505,1
43110,1
178824,1
168194,1
10848,1
227532,1
20022,1
20731,1
218658,1
52210,1
158091,1
223619,1
156004,1
40118,1
207148,1
167536,1
109977,1
166522,1
20638,1
227907,1
48021,1
52977,1
170601,1
167710,1
57937,1
154898,1
169833,1
168519,1
111547,1
53981,1
162437,1
185248,1
252044,1
32387,1
242630,1
165842,1
120541,1
24971,1
149945,1
25336,1
161627,1
53699,1
111212,1
34394,1
53701,1
185202,1
209039,1
79733,1
153447,1
153202,1
22067,1
53782,1
217657,1
4083,1
77775,1
47068,1
169268,1
181714,1
12609,1
165344,1
26927,1
288368,1
122799,1
51910,1
79761,1
150565,1
288088,1
205482,1
241130,1
169467,1
227238,1
54310,1
208684,1
169452,1
58895,1
52802,1
30778,1
9551,1
45819,1
47052,1
155894,1
12789,1
101324,1
170637,1
132302,1
170239,1
64338,1
32301,1
192109,1
86525,1
223556,1
187527,1
57806,1
32281,1
207605,1
52620,1
151823,1
236432,1
177305,1
117200,1
168901,1
187557,1
65648,1
57706,1
166356,1
53731,1
26302,1
20838,1
51927,1
24730,1
81674,1
23848,1
166513,1
223844,1
79082,1
165613,1
249973,1
65069,1
42205,1
68860,1
77009,1
210319,1
168904,1
194274,1
109668,1
169465,1
182035,1
170612,1
109433,1
202597,1
51704,1
165647,1
110562,1
176028,1
121317,1
64305,1
159919,1
28483,1
79936,1
224579,1
177330,1
215791,1
169879,1
240667,1
68144,1
48236,1
43135,1
77237,1
53292,1
144592,1
177303,1
1609,1
156885,1
11711,1
155603,1
60124,1
288308,1
208999,1
60047,1
166099,1
170595,1
90826,1
288302,1
190672,1
17168,1
167340,1
45652,1
159688,1
234668,1
144314,1
210172,1
286582,1
44064,1
32946,1
53814,1
91401,1
156110,1
60141,1
12617,1
178621,1
22754,1
170253,1
252850,1
207827,1
168706,1
32260,1
249874,1
58742,1
214592,1
162951,1
52987,1
109051,1
57940,1
169908,1
206340,1
57698,1
210212,1
75677,1
68876,1
29049,1
32126,1
215102,1
199453,1
74492,1
5599,1
58673,1
198552,1
52242,1
52762,1
160367,1
215317,1
287742,1
178323,1
22644,1
207867,1
166297,1
252669,1
80019,1
218507,1
28465,1
36774,1
54331,1
215302,1
11792,1
207919,1
52978,1
176310,1
210185,1
170668,1
227115,1
226758,1
176301,1
60579,1
242658,1
76853,1
179112,1
78546,1
287365,1
215439,1
80367,1
176689,1
42463,1
36818,1
80617,1
150457,1
156109,1
214951,1
79870,1
35568,1
207044,1
252796,1
214594,1
210297,1
81111,1
26584,1
97431,1
102266,1
49987,1
96660,1
109355,1
225002,1
92249,1
166995,1
46909,1
47986,1
160227,1
151403,1
22388,1
48270,1
198901,1
118286,1
171191,1
189594,1
168948,1
156735,1
57169,1
153953,1
53220,1
11648,1
96493,1
54335,1
234959,1
31722,1
207245,1
168418,1
178169,1
42587,1
170270,1
51273,1
226839,1
18841,1
169963,1
166844,1
52986,1
85359,1
153132,1
175122,1
58052,1
49923,1
252184,1
170304,1
76703,1
52742,1
167190,1
218831,1
243002,1
153341,1
252654,1
43278,1
207109,1
69152,1
59159,1
155678,1
60593,1
205392,1
103965,1
32294,1
153286,1
218731,1
205427,1
242159,1
175653,1
48265,1
252231,1
29527,1
45792,1
45761,1
219224,1
156121,1
215132,1
200926,1
45522,1
252118,1
53335,1
108083,1
197243,1
242947,1
107919,1
97683,1
177569,1
168382,1
215524,1
30856,1
189530,1
172251,1
61661,1
109663,1
109421,1
3307,1
217506,1
42987,1
193854,1
29931,1
224718,1
147108,1
20046,1
198260,1
91556,1
121008,1
186973,1
144633,1
52776,1
84601,1
243234,1
178473,1
170039,1
149862,1
119089,1
218085,1
165764,1
218042,1
240584,1
249153,1
249222,1
287387,1
45777,1
238970,1
168263,1
144352,1
199677,1
215080,1
44691,1
224886,1
61348,1
23543,1
190619,1
226241,1
156188,1
162650,1
30858,1
153124,1
150398,1
60861,1
164916,1
151416,1
71202,1
78176,1
160732,1
184574,1
252215,1
32117,1
289707,1
32180,1
80082,1
165767,1
60582,1
166053,1
78202,1
52984,1
217521,1
32042,1
12430,1
54295,1
249964,1
94274,1
90607,1
187624,1
170132,1
57503,1
169457,1
21125,1
105381,1
162877,1
53691,1
110234,1
108621,1
60527,1
53710,1
217519,1
252792,1
32038,1
80368,1
11858,1
286808,1
210301,1
27127,1
46922,1
29287,1
160015,1
77309,1
120694,1
182431,1
189472,1
234754,1
32119,1
35818,1
32034,1
210350,1
234746,1
287543,1
170654,1
215202,1
215742,1
53794,1
109618,1
217518,1
23596,1
77883,1
218116,1
123934,1
242201,1
78419,1
51650,1
207663,1
24938,1
144224,1
217894,1
58663,1
43289,1
227682,1
170085,1
170311,1
153958,1
43668,1
156272,1
170252,1
45825,1
80446,1
207590,1
243145,1
172416,1
170303,1
190439,1
60678,1
32132,1
249665,1
240459,1
160352,1
207951,1
191900,1
78745,1
201788,1
144552,1
52814,1
23879,1
158467,1
219385,1
18795,1
64299,1
31946,1
169591,1
252789,1
32162,1
175250,1
289828,1
172726,1
208805,1
81439,1
109939,1
144964,1
23519,1
64336,1
168976,1
8528,1
123037,1
64334,1
45066,1
187440,1
17179,1
166337,1
172458,1
32082,1
168998,1
123165,1
53035,1
217586,1
207705,1
112438,1
166398,1
234648,1
199439,1
78777,1
168847,1
154892,1
151073,1
79252,1
60784,1
110291,1
43888,1
53393,1
218523,1
93674,1
56514,1
43784,1
227738,1
47466,1
241054,1
249190,1
55130,1
288082,1
184939,1
53395,1
45408,1
240710,1
120476,1
55081,1
234876,1
49254,1
52434,1
215671,1
54975,1
294264,1
68660,1
64296,1
61582,1
79979,1
23807,1
43476,1
218415,1
53516,1
237876,1
110338,1
108263,1
154030,1
103247,1
110714,1
215500,1
116233,1
216367,1
224363,1
131984,1
215892,1
20340,1
46121,1
80092,1
150283,1
110616,1
190639,1
52467,1
207135,1
42834,1
202201,1
76893,1
226826,1
45344,1
54968,1
216199,1
6603,1
43900,1
216486,1
130239,1
170811,1
217378,1
1817,1
57372,1
144971,1
187449,1
110813,1
42603,1
200364,1
216271,1
170424,1
22412,1
241934,1
294853,1
113691,1
215398,1
3639,1
215422,1
163050,1
58035,1
244455,1
242584,1
51681,1
190632,1
58847,1
110814,1
72449,1
93333,1
93347,1
216249,1
9299,1
111197,1
58200,1
190865,1
215696,1
29661,1
51392,1
217371,1
98580,1
200368,1
176070,1
165967,1
116079,1
150227,1
144658,1
200580,1
214954,1
97562,1
189969,1
180176,1
189441,1
170087,1
80130,1
228109,1
176918,1
51701,1
175526,1
82464,1
134116,1
58293,1
36036,1
156759,1
79131,1
232250,1
61179,1
17339,1
169815,1
61053,1
42898,1
168796,1
245356,1
192599,1
162443,1
217809,1
44223,1
155704,1
184284,1
200009,1
74290,1
57666,1
104574,1
205432,1
188438,1
49991,1
169454,1
187680,1
161908,1
252670,1
216247,1
287416,1
217886,1
294578,1
182291,1
76932,1
57114,1
178458,1
187401,1
42691,1
46640,1
120551,1
155717,1
108282,1
12090,1
170240,1
168377,1
80145,1
217858,1
287515,1
84899,1
170833,1
217785,1
156006,1
149530,1
170430,1
184643,1
60133,1
202598,1
53852,1
156298,1
217411,1
215771,1
243749,1
194307,1
30861,1
115388,1
187108,1
78919,1
155890,1
102093,1
77369,1
160230,1
187979,1
238708,1
63486,1
288482,1
106697,1
38124,1
48436,1
178882,1
25403,1
86028,1
23592,1
57683,1
225964,1
217791,1
227444,1
130242,1
1846,1
46663,1
79730,1
47366,1
42862,1
178858,1
33653,1
30333,1
166093,1
150845,1
47149,1
61160,1
25635,1
7511,1
166508,1
179515,1
53687,1
224585,1
29518,1
158533,1
243262,1
217406,1
166049,1
80323,1
210171,1
59695,1
109029,1
28264,1
43795,1
156587,1
242697,1
215650,1
28968,1
150327,1
215478,1
49853,1
215835,1
249179,1
162927,1
207252,1
116772,1
223049,1
81323,1
5006,1
121277,1
46125,1
79161,1
80062,1
89473,1
103220,1
166515,1
54965,1
8751,1
217821,1
43853,1
53806,1
26941,1
108005,1
215971,1
210351,1
77385,1
92817,1
234658,1
98398,1
200302,1
195998,1
46595,1
90999,1
61704,1
187021,1
98863,1
127627,1
166083,1
46174,1
217795,1
63067,1
109976,1
287182,1
48538,1
61769,1
80162,1
30330,1
170435,1
115694,1
39343,1
181748,1
79772,1
127533,1
57807,1
287621,1
207537,1
215548,1
58331,1
207375,1
97263,1
128353,1
238631,1
166273,1
52826,1
150797,1
87154,1
55568,1
237509,1
251846,1
224606,1
156966,1
113186,1
85211,1
97241,1
53583,1
156204,1
44441,1
177387,1
286510,1
224016,1
55054,1
209703,1
287632,1
190766,1
215144,1
205344,1
177325,1
97574,1
104661,1
152499,1
286770,1
59268,1
109033,1
150762,1
152827,1
194216,1
197227,1
210200,1
178432,1
88915,1
123092,1
287800,1
1669,1
89366,1
103598,1
178871,1
286721,1
30743,1
252840,1
82858,1
108269,1
252646,1
168033,1
193672,1
217753,1
5418,1
124218,1
19683,1
53326,1
61283,1
85255,1
32002,1
80467,1
30695,1
84438,1
214674,1
96258,1
170273,1
170411,1
109102,1
242631,1
4063,1
166265,1
194288,1
218513,1
192184,1
188718,1
1811,1
1688,1
227053,1
217388,1
243082,1
178137,1
58330,1
168376,1
17153,1
190045,1
45379,1
121119,1
51281,1
166282,1
226350,1
226211,1
46384,1
224314,1
111508,1
12395,1
198285,1
58361,1
252621,1
29598,1
79816,1
225248,1
187881,1
217807,1
217776,1
162954,1
180587,1
48553,1
150793,1
158753,1
45253,1
144916,1
1650,1
47644,1
193849,1
52643,1
187471,1
81903,1
80425,1
245250,1
101111,1
109266,1
132798,1
6398,1
160128,1
9317,1
217590,1
184975,1
106845,1
97313,1
79826,1
207155,1
108155,1
217822,1
177322,1
182263,1
29610,1
192382,1
42567,1
80350,1
241526,1
118928,1
170120,1
108002,1
44288,1
177043,1
12179,1
42670,1
56680,1
236888,1
294516,1
37145,1
43456,1
92032,1
105956,1
2169,1
154715,1
197060,1
215790,1
186781,1
47158,1
190786,1
55038,1
163162,1
92002,1
188276,1
68736,1
162003,1
237497,1
155642,1
217408,1
194594,1
168159,1
217818,1
45554,1
3815,1
3510,1
46629,1
294850,1
149577,1
176787,1
217830,1
46590,1
35762,1
187191,1
48511,1
58931,1
216332,1
232249,1
169433,1
20223,1
79265,1
52531,1
235095,1
189334,1
46538,1
182033,1
97425,1
46550,1
210282,1
75392,1
176603,1
8262,1
189995,1
58932,1
170255,1
166469,1
240527,1
1851,1
168513,1
79128,1
217861,1
152625,1
223360,1
228028,1
47467,1
113176,1
21116,1
43786,1
81094,1
181790,1
245565,1
182170,1
209010,1
188173,1
165498,1
110037,1
110139,1
271222,1
170841,1
286590,1
217832,1
102631,1
184853,1
95548,1
50852,1
287639,1
68178,1
53747,1
29211,1
155910,1
180206,1
1886,1
156140,1
206829,1
168955,1
165420,1
57287,1
34326,1
287683,1
23409,1
88583,1
90300,1
50325,1
26936,1
135017,1
52026,1
105543,1
188490,1
42863,1
165850,1
64330,1
59862,1
144379,1
189935,1
175057,1
164510,1
58848,1
243750,1
150372,1
182047,1
82001,1
47424,1
37870,1
170794,1
146167,1
28954,1
187381,1
46581,1
160353,1
249726,1
242009,1
46024,1
21175,1
124225,1
210281,1
161237,1
168834,1
63193,1
188986,1
169014,1
190566,1
162045,1
110061,1
97380,1
12167,1
12813,1
107836,1
189328,1
169658,1
169360,1
169304,1
217392,1
224891,1
157512,1
54925,1
168229,1
42569,1
58618,1
33939,1
171124,1
9437,1
176248,1
166370,1
168942,1
107882,1
187442,1
53867,1
20652,1
234479,1
53368,1
115555,1
176020,1
122551,1
34600,1
46016,1
288516,1
177583,1
242941,1
43404,1
12406,1
197057,1
53333,1
53029,1
188977,1
50084,1
194310,1
108798,1
54883,1
46940,1
43903,1
189523,1
12572,1
163171,1
194800,1
79034,1
187803,1
112571,1
296571,1
240989,1
57992,1
110476,1
206206,1
218007,1
194078,1
217370,1
46621,1
42528,1
29606,1
215754,1
176040,1
30270,1
217612,1
54914,1
78990,1
93746,1
217605,1
179458,1
176729,1
217359,1
170192,1
46687,1
115093,1
115550,1
193734,1
178020,1
109724,1
30202,1
52688,1
151498,1
227183,1
249372,1
52599,1
187797,1
217581,1
58502,1
167706,1
152286,1
43502,1
169831,1
108961,1
11613,1
209687,1
200193,1
34244,1
91380,1
205678,1
59121,1
87770,1
94631,1
169290,1
168699,1
168758,1
80344,1
50210,1
70425,1
45176,1
58577,1
45716,1
106157,1
186830,1
187446,1
110902,1
83613,1
1814,1
215902,1
67477,1
239652,1
187479,1
5007,1
165504,1
215646,1
242625,1
187407,1
181740,1
170124,1
2020,1
23851,1
52090,1
1790,1
242179,1
45386,1
52771,1
252144,1
79023,1
79905,1
155851,1
170163,1
190286,1
206398,1
154134,1
123074,1
170859,1
111252,1
53429,1
252843,1
58817,1
156048,1
45178,1
187408,1
217845,1
240815,1
42650,1
176602,1
252842,1
52387,1
207711,1
124538,1
96537,1
51112,1
92328,1
43854,1
170336,1
252567,1
29525,1
47785,1
46573,1
99219,1
2151,1
47685,1
46349,1
170191,1
53758,1
187188,1
167752,1
28817,1
165538,1
187934,1
206863,1
209006,1
242056,1
167812,1
239658,1
188462,1
61757,1
179451,1
75230,1
215390,1
30217,1
163438,1
154016,1
182016,1
163204,1
11570,1
54867,1
12668,1
49222,1
188962,1
287157,1
77217,1
46161,1
225112,1
215598,1
80491,1
188614,1
89672,1
172640,1
59190,1
44234,1
172472,1
217823,1
43509,1
237347,1
190741,1
294862,1
165799,1
155862,1
189949,1
167110,1
218517,1
6602,1
215579,1
187695,1
87405,1
201830,1
59206,1
47162,1
206827,1
11608,1
180567,1
237525,1
188031,1
76924,1
92034,1
175741,1
55864,1
129717,1
294605,1
80479,1
12634,1
92592,1
44454,1
123771,1
187210,1
110914,1
1959,1
102086,1
55046,1
215343,1
120872,1
43195,1
109648,1
287571,1
7470,1
100440,1
51744,1
50717,1
53331,1
80480,1
111255,1
187385,1
12452,1
110820,1
56883,1
46128,1
206642,1
170847,1
210196,1
3046,1
49408,1
35905,1
187735,1
167811,1
179517,1
176854,1
80174,1
120634,1
177778,1
68598,1
172497,1
218339,1
2330,1
234638,1
163058,1
85573,1
52077,1
64740,1
3475,1
29969,1
64292,1
53596,1
63546,1
85485,1
217882,1
58142,1
56882,1
207240,1
21345,1
154815,1
240664,1
21484,1
57433,1
16700,1
51217,1
219407,1
166409,1
61299,1
124116,1
236115,1
215803,1
193591,1
187544,1
236698,1
109870,1
52915,1
150198,1
251835,1
119158,1
194304,1
77303,1
145,1
108936,1
187995,1
219517,1
90210,1
73960,1
169673,1
153823,1
194751,1
53273,1
84587,1
108020,1
42871,1
49249,1
79010,1
45278,1
115548,1
67485,1
49289,1
153585,1
181282,1
178798,1
192314,1
74892,1
181513,1
53756,1
198672,1
194202,1
215990,1
59006,1
218471,1
11568,1
12640,1
78586,1
239043,1
192170,1
58710,1
193732,1
109401,1
33919,1
215745,1
43532,1
215321,1
187193,1
51909,1
150414,1
80164,1
169270,1
77347,1
111194,1
237946,1
88256,1
110901,1
55522,1
53032,1
28794,1
53871,1
188863,1
242873,1
217229,1
60345,1
3539,1
113158,1
378,1
241001,1
98981,1
10952,1
187588,1
168788,1
251033,1
154269,1
43832,1
215943,1
171159,1
188283,1
216673,1
44999,1
55012,1
80414,1
169769,1
43830,1
69463,1
163057,1
215426,1
12763,1
144645,1
218074,1
166198,1
206395,1
288187,1
57403,1
53608,1
71167,1
92483,1
215888,1
170157,1
178679,1
150708,1
121007,1
169722,1
168652,1
157254,1
191966,1
42618,1
17151,1
224678,1
197072,1
52301,1
187785,1
3000,1
215567,1
119536,1
77372,1
190631,1
249704,1
168815,1
240597,1
167584,1
286837,1
45685,1
177061,1
91348,1
217616,1
241264,1
53644,1
46963,1
236470,1
52398,1
45388,1
194223,1
92254,1
198864,1
207261,1
241058,1
178049,1
1544,1
156806,1
46912,1
102686,1
161240,1
42921,1
180591,1
200505,1
195489,1
46650,1
45082,1
109424,1
80488,1
191981,1
289792,1
182280,1
187692,1
235861,1
187809,1
194284,1
16456,1
3507,1
215443,1
52270,1
58994,1
58532,1
30566,1
251890,1
191297,1
224060,1
46659,1
189358,1
157282,1
1717,1
217363,1
169902,1
53246,1
46928,1
243504,1
232928,1
234311,1
215631,1
7325,1
58504,1
102965,1
181444,1
30303,1
43920,1
84395,1
186919,1
60396,1
16729,1
1865,1
45987,1
182201,1
185149,1
287128,1
165800,1
188720,1
288171,1
161929,1
170319,1
30204,1
113633,1
192166,1
64414,1
58543,1
179511,1
241993,1
80926,1
53261,1
238122,1
240754,1
60692,1
164772,1
29164,1
60891,1
217901,1
84020,1
54974,1
118929,1
53627,1
102004,1
52727,1
51790,1
210280,1
252634,1
103805,1
189343,1
184450,1
216288,1
87396,1
169732,1
245502,1
168497,1
108078,1
54921,1
226561,1
170876,1
152290,1
178338,1
80498,1
155779,1
52684,1
153196,1
85698,1
61158,1
193701,1
176122,1
215539,1
59799,1
7681,1
52317,1
206832,1
179417,1
240854,1
109379,1
165984,1
20106,1
165962,1
234605,1
115272,1
60808,1
28753,1
187082,1
109627,1
79887,1
191779,1
60893,1
215315,1
46059,1
79925,1
111441,1
22506,1
170317,1
124467,1
217385,1
53005,1
97742,1
108668,1
92033,1
43857,1
119984,1
232343,1
218068,1
166055,1
91812,1
52186,1
187734,1
168489,1
42864,1
81062,1
58322,1
227028,1
87427,1
132451,1
215595,1
26289,1
47354,1
50277,1
46383,1
58993,1
44213,1
42952,1
187110,1
216218,1
252637,1
46063,1
189296,1
213316,1
199988,1
185716,1
215388,1
109798,1
165672,1
78641,1
44265,1
227443,1
178378,1
64748,1
166486,1
68807,1
171278,1
22705,1
165745,1
23525,1
98461,1
249841,1
61602,1
103435,1
249813,1
238201,1
170369,1
153584,1
125113,1
249846,1
61699,1
249822,1
251067,1
179627,1
239628,1
168430,1
166270,1
168571,1
287514,1
252704,1
251897,1
252698,1
245492,1
218875,1
211069,1
162907,1
218652,1
250679,1
167521,1
159346,1
250710,1
210239,1
166037,1
74136,1
178625,1
250645,1
175266,1
175504,1
167773,1
37784,1
115218,1
127567,1
290133,1
166268,1
168258,1
251069,1
250711,1
28696,1
217058,1
30051,1
170371,1
144628,1
251087,1
165633,1
208940,1
110226,1
161586,1
240426,1
168447,1
25079,1
168594,1
144564,1
150459,1
252699,1
26294,1
68770,1
179602,1
170367,1
155920,1
35554,1
24968,1
113339,1
150567,1
168593,1
252248,1
168009,1
182105,1
29559,1
168431,1
182256,1
150200,1
289821,1
168621,1
249859,1
156200,1
239733,1
168426,1
242088,1
175753,1
243279,1
243204,1
115713,1
24468,1
167511,1
12630,1
117928,1
150814,1
207409,1
22411,1
176607,1
151900,1
21571,1
210222,1
215562,1
24208,1
245469,1
60425,1
160112,1
166223,1
161427,1
247854,1
235868,1
26217,1
252212,1
215807,1
99066,1
207550,1
57914,1
184388,1
168425,1
184352,1
169999,1
165652,1
290106,1
218650,1
24988,1
172668,1
249402,1
168542,1
60541,1
20229,1
129843,1
6543,1
240564,1
252244,1
79763,1
72302,1
252148,1
224301,1
178889,1
165762,1
167883,1
250676,1
165706,1
164674,1
11526,1
165761,1
159380,1
152352,1
286720,1
179424,1
206384,1
244328,1
252243,1
150334,1
27138,1
35487,1
164017,1
11744,1
124465,1
25923,1
210225,1
249876,1
99559,1
168051,1
252090,1
222403,1
287077,1
24961,1
162294,1
116992,1
79844,1
251406,1
170505,1
236978,1
60453,1
191221,1
127526,1
130637,1
170210,1
166639,1
199521,1
169491,1
288318,1
168547,1
289903,1
169446,1
165377,1
76661,1
133003,1
234860,1
157020,1
64432,1
451,1
176435,1
179575,1
109383,1
58055,1
236012,1
252245,1
111720,1
80022,1
168737,1
178872,1
24937,1
210355,1
166256,1
170509,1
191305,1
26503,1
122127,1
60538,1
289778,1
168011,1
150939,1
170514,1
288322,1
210357,1
218732,1
252737,1
198394,1
185034,1
144822,1
119731,1
67469,1
68284,1
80383,1
153685,1
223526,1
223634,1
170383,1
215542,1
123344,1
61595,1
98463,1
168181,1
207394,1
223431,1
170512,1
252736,1
12331,1
179109,1
144565,1
36074,1
286700,1
202577,1
157199,1
190938,1
21732,1
238777,1
168573,1
99353,1
144602,1
151955,1
150098,1
166039,1
151116,1
241994,1
60638,1
74729,1
20908,1
245544,1
12592,1
236727,1
67457,1
149696,1
235398,1
210633,1
23698,1
167918,1
217059,1
288170,1
57709,1
20280,1
218502,1
291166,1
171252,1
208846,1
223465,1
36648,1
167959,1
28700,1
214128,1
249950,1
236003,1
169954,1
243917,1
165894,1
64816,1
206769,1
20264,1
156347,1
172566,1
166051,1
167173,1
227106,1
150682,1
200531,1
26238,1
170513,1
242410,1
181359,1
161825,1
149611,1
64746,1
252242,1
210235,1
26814,1
12017,1
168535,1
80172,1
167309,1
236258,1
21273,1
165788,1
218895,1
288323,1
25658,1
243440,1
168524,1
217228,1
207326,1
165384,1
178545,1
168350,1
230687,1
249816,1
227141,1
215664,1
227152,1
61647,1
167919,1
150676,1
80039,1
179461,1
165020,1
249827,1
237048,1
168562,1
33661,1
153428,1
210240,1
249994,1
171400,1
252254,1
227082,1
252253,1
249819,1
252684,1
252683,1
167595,1
153284,1
240360,1
249768,1
35351,1
33072,1
37346,1
252682,1
165746,1
218280,1
252255,1
252497,1
170358,1
151005,1
250703,1
250072,1
170359,1
133012,1
24195,1
238743,1
166260,1
250720,1
23491,1
224571,1
130739,1
165857,1
289834,1
242445,1
166228,1
11551,1
168603,1
79958,1
168188,1
209917,1
168592,1
181331,1
23760,1
36085,1
218713,1
245540,1
228076,1
287555,1
222873,1
30805,1
157087,1
227608,1
207313,1
201039,1
166269,1
237523,1
27230,1
289822,1
252247,1
249877,1
20975,1
219363,1
68868,1
224477,1
249825,1
10860,1
177575,1
122758,1
159941,1
163167,1
249829,1
249683,1
123191,1
170379,1
181239,1
167799,1
150970,1
6562,1
237561,1
150096,1
121261,1
249863,1
224898,1
217870,1
210339,1
239474,1
18866,1
98340,1
217995,1
166683,1
113462,1
165953,1
243292,1
252246,1
204822,1
232156,1
210353,1
165656,1
236426,1
166226,1
170372,1
60166,1
168257,1
252491,1
227051,1
165376,1
167310,1
227528,1
20939,1
222750,1
252725,1
252717,1
178786,1
117742,1
218065,1
163087,1
74710,1
168579,1
207183,1
36567,1
207332,1
287577,1
236968,1
242572,1
249152,1
61771,1
61608,1
219368,1
180893,1
65674,1
22709,1
146359,1
182081,1
168578,1
252855,1
217225,1
120340,1
167021,1
218919,1
170380,1
252853,1
153571,1
172303,1
176780,1
153195,1
179469,1
217902,1
72644,1
215718,1
185719,1
191222,1
167594,1
249865,1
199651,1
165855,1
166480,1
170373,1
167581,1
115611,1
235796,1
7518,1
252723,1
160164,1
170381,1
241180,1
167962,1
161538,1
184208,1
167226,1
243389,1
168534,1
168225,1
176753,1
219493,1
120852,1
167783,1
249851,1
22206,1
150633,1
167059,1
241438,1
149951,1
152141,1
252716,1
123916,1
32597,1
210352,1
223620,1
36117,1
251082,1
168570,1
175257,1
37008,1
124226,1
252252,1
156185,1
117864,1
236996,1
166809,1
166942,1
151565,1
154131,1
201828,1
159654,1
251893,1
170363,1
250010,1
166474,1
252687,1
175273,1
149884,1
168347,1
238133,1
168590,1
150066,1
252465,1
168480,1
2516,1
61609,1
217931,1
133859,1
156186,1
252209,1
249782,1
113010,1
252418,1
22096,1
159559,1
168531,1
175229,1
168591,1
150969,1
252135,1
68780,1
170366,1
252693,1
168443,1
167768,1
217889,1
252251,1
21263,1
182111,1
249180,1
252250,1
251862,1
168619,1
125505,1
252423,1
250743,1
168625,1
154732,1
243599,1
241359,1
250144,1
198703,1
287759,1
252261,1
249778,1
170343,1
149841,1
252558,1
151358,1
249637,1
163002,1
152791,1
250078,1
170342,1
252262,1
156165,1
165514,1
12579,1
252260,1
252265,1
252263,1
26485,1
130271,1
249788,1
12625,1
170347,1
73912,1
289815,1
250210,1
77019,1
115620,1
210233,1
252678,1
252258,1
252563,1
166085,1
155980,1
252295,1
289426,1
250084,1
242309,1
250189,1
251826,1
65537,1
252259,1
249299,1
252453,1
26921,1
252271,1
252270,1
252274,1
252272,1
296215,1
243418,1
170341,1
252675,1
252508,1
227086,1
236633,1
249797,1
218911,1
249801,1
252458,1
249794,1
156163,1
249771,1
250674,1
251850,1
218915,1
243607,1
289812,1
252096,1
252282,1
237819,1
252672,1
251086,1
181571,1
26484,1
144631,1
241876,1
36948,1
252269,1
250662,1
252878,1
250663,1
252267,1
238232,1
23395,1
252419,1
252278,1
144634,1
249948,1
250659,1
249792,1
252280,1
218730,1
152189,0
251842,0
149707,0
150386,0
205712,0
167865,0
155514,0
156421,0
166285,0
12063,0
156799,0
155498,0
158498,0
170929,0
151905,0
150538,0
158744,0
144723,0
81020,0
152810,0
155743,0
150667,0
155595,0
155585,0
156222,0
29159,0
155563,0
156492,0
156671,0
12589,0
156670,0
12762,0
205362,0
169941,0
217565,0
156895,0
169389,0
11740,0
160550,0
204808,0
154110,0
155994,0
165095,0
169801,0
11520,0
152346,0
155302,0
158656,0
217345,0
98034,0
155492,0
164241,0
153433,0
12441,0
154737,0
166076,0
169342,0
156116,0
206661,0
289899,0
24054,0
165107,0
156523,0
98101,0
152991,0
217346,0
150376,0
169843,0
30104,0
162918,0
12186,0
163226,0
161886,0
158515,0
162887,0
156830,0
205716,0
12159,0
9238,0
39744,0
150113,0
152351,0
155634,0
156279,0
12392,0
155547,0
156088,0
12538,0
154810,0
98383,0
30487,0
93415,0
150026,0
155829,0
92513,0
163036,0
169973,0
144244,0
156533,0
144668,0
30616,0
34633,0
156743,0
151322,0
205353,0
191036,0
12301,0
163039,0
249937,0
153052,0
12089,0
156309,0
156375,0
155774,0
164744,0
161881,0
251032,0
155657,0
156377,0
156044,0
168384,0
219443,0
152297,0
155371,0
251834,0
155395,0
156263,0
155922,0
11642,0
151870,0
167810,0
344,0
156459,0
11445,0
168456,0
156805,0
166719,0
158634,0
170433,0
154881,0
154826,0
169367,0
55692,0
152999,0
156141,0
12303,0
155504,0
165775,0
155510,0
154838,0
158645,0
156782,0
11682,0
156621,0
153625,0
154865,0
162086,0
167927,0
158709,0
12467,0
156872,0
170467,0
152384,0
161911,0
170464,0
152324,0
12307,0
158745,0
12714,0
170463,0
144141,0
160453,0
155627,0
164837,0
155841,0
158642,0
155928,0
156406,0
167984,0
154817,0
166311,0
217564,0
153388,0
98027,0
151212,0
169324,0
26205,0
92511,0
97185,0
152598,0
206758,0
155618,0
12437,0
2080,0
152518,0
18365,0
169711,0
152448,0
153313,0
205694,0
156158,0
251844,0
11705,0
151202,0
162908,0
154907,0
163454,0
149664,0
165072,0
149654,0
167363,0
157218,0
156754,0
158549,0
207713,0
152789,0
98084,0
152130,0
169364,0
165159,0
155913,0
168514,0
32718,0
165413,0
156723,0
156896,0
161915,0
251902,0
144679,0
165111,0
158803,0
161944,0
12588,0
151510,0
18403,0
154827,0
161977,0
206677,0
154805,0
156520,0
158708,0
17145,0
155984,0
156425,0
150685,0
156422,0
154867,0
206680,0
144449,0
169937,0
147088,0
154822,0
155803,0
207256,0
155932,0
158694,0
165366,0
158531,0
252650,0
167445,0
151504,0
165083,0
167939,0
156260,0
152410,0
152773,0
169725,0
169723,0
155424,0
164372,0
158689,0
155550,0
144250,0
165094,0
158595,0
153574,0
168117,0
156911,0
158715,0
165085,0
151970,0
11926,0
30927,0
160448,0
151148,0
165835,0
155476,0
163034,0
155929,0
152375,0
166492,0
156696,0
152338,0
151418,0
184951,0
17147,0
296204,0
170468,0
155850,0
156804,0
12482,0
168220,0
150632,0
169733,0
155600,0
155306,0
166214,0
163046,0
156499,0
155599,0
150798,0
150087,0
156019,0
204830,0
160507,0
158746,0
251820,0
162950,0
155997,0
154929,0
98082,0
156874,0
28717,0
156898,0
167325,0
156755,0
206279,0
149691,0
158296,0
152480,0
206651,0
154870,0
30779,0
55782,0
163223,0
155449,0
169390,0
12183,0
387,0
155335,0
168687,0
150999,0
11686,0
97236,0
161916,0
30917,0
158648,0
156930,0
166200,0
165937,0
150391,0
144506,0
156078,0
152952,0
155614,0
156764,0
152945,0
162873,0
163040,0
152685,0
149708,0
166496,0
155576,0
98070,0
151279,0
205676,0
150059,0
156166,0
150001,0
149681,0
403,0
154752,0
98298,0
169423,0
150040,0
144694,0
239100,0
128681,0
150813,0
156943,0
155493,0
162972,0
128989,0
108629,0
156296,0
155525,0
152491,0
165103,0
158655,0
155061,0
155542,0
205286,0
753,0
12346,0
184879,0
155796,0
154289,0
165154,0
56813,0
19884,0
156236,0
155771,0
154851,0
155508,0
162030,0
31007,0
169407,0
98033,0
156265,0
160572,0
155660,0
155463,0
156436,0
156278,0
25007,0
165191,0
163452,0
156655,0
55774,0
165362,0
154713,0
144651,0
149728,0
167815,0
30580,0
249163,0
165063,0
155342,0
163033,0
152370,0
167538,0
158504,0
155933,0
43514,0
158579,0
158794,0
12671,0
166309,0
158614,0
158710,0
158466,0
170950,0
152697,0
165457,0
158721,0
251912,0
151867,0
155751,0
155468,0
97961,0
160570,0
156579,0
156820,0
156606,0
165930,0
160579,0
166242,0
158768,0
164469,0
169694,0
55793,0
150820,0
155616,0
98458,0
219513,0
153575,0
156424,0
168836,0
158486,0
150546,0
155901,0
158017,0
154804,0
169842,0
34627,0
155453,0
11612,0
170914,0
158601,0
162588,0
169379,0
155590,0
12175,0
155666,0
169403,0
149679,0
149937,0
165057,0
158660,0
205702,0
156600,0
158687,0
127452,0
144715,0
206861,0
168500,0
156747,0
152383,0
170933,0
160555,0
152959,0
149684,0
205310,0
153015,0
167934,0
11599,0
156160,0
155637,0
156001,0
162957,0
152709,0
156391,0
11641,0
149800,0
195159,0
155624,0
156324,0
205668,0
156626,0
158733,0
156466,0
158344,0
169344,0
155837,0
157488,0
156035,0
155464,0
155633,0
206653,0
162893,0
169332,0
160535,0
152263,0
158605,0
150176,0
156968,0
205366,0
170072,0
156203,0
34674,0
165720,0
12786,0
184860,0
158769,0
163045,0
158792,0
169659,0
156508,0
165808,0
155615,0
97943,0
166362,0
30911,0
158781,0
219214,0
155800,0
155568,0
219218,0
158316,0
164088,0
206053,0
144080,0
251810,0
154809,0
30530,0
156676,0
152824,0
98389,0
154869,0
169409,0
36177,0
152543,0
156360,0
155488,0
144681,0
152680,0
155643,0
155958,0
165153,0
46762,0
12384,0
149881,0
156077,0
154756,0
152432,0
151036,0
156593,0
12661,0
165673,0
217347,0
144069,0
165836,0
206789,0
156362,0
166430,0
205696,0
156665,0
152743,0
165816,0
155839,0
154931,0
152677,0
155480,0
167936,0
206864,0
165593,0
161889,0
155561,0
150361,0
206060,0
160472,0
169384,0
156763,0
144215,0
170899,0
158821,0
150114,0
162941,0
206658,0
30229,0
156824,0
156100,0
156392,0
158819,0
155638,0
156229,0
156241,0
156385,0
165198,0
251045,0
149738,0
155515,0
151333,0
73367,0
166313,0
156427,0
155423,0
154905,0
167465,0
206511,0
165102,0
156525,0
151043,0
167444,0
55787,0
165992,0
206841,0
152906,0
170234,0
167991,0
97944,0
155819,0
155486,0
172584,0
2248,0
144163,0
151961,0
165495,0
155900,0
152474,0
156537,0
166772,0
166253,0
152539,0
30959,0
165127,0
170417,0
204863,0
250092,0
152419,0
101738,0
98424,0
219408,0
163047,0
166351,0
161893,0
165125,0
163228,0
155555,0
149762,0
251970,0
152305,0
31001,0
163031,0
158503,0
72761,0
151085,0
156314,0
169372,0
155926,0
251838,0
158782,0
156843,0
185163,0
152767,0
156937,0
156353,0
164108,0
252580,0
19389,0
150631,0
157448,0
155481,0
168375,0
155399,0
156924,0
172468,0
158714,0
252849,0
98087,0
149677,0
166341,0
165140,0
205679,0
150218,0
166065,0
156967,0
163344,0
165098,0
11447,0
168172,0
155456,0
170898,0
155546,0
158468,0
167980,0
158743,0
155484,0
162876,0
170469,0
165183,0
144195,0
166718,0
249944,0
252065,0
156877,0
152807,0
156920,0
155645,0
35536,0
155591,0
31949,0
155597,0
155513,0
12800,0
157373,0
155686,0
149749,0
152311,0
155428,0
11685,0
162087,0
98408,0
150689,0
155429,0
158756,0
164172,0
154920,0
156101,0
152993,0
152998,0
157376,0
156486,0
49478,0
149886,0
12354,0
155943,0
17199,0
207321,0
33682,0
205683,0
155801,0
149912,0
155763,0
12419,0
48571,0
150729,0
157406,0
151583,0
152755,0
17158,0
252643,0
158414,0
205675,0
155670,0
156118,0
185715,0
12483,0
206720,0
160569,0
152696,0
158767,0
184937,0
156455,0
154863,0
149760,0
169663,0
155457,0
158524,0
155455,0
156530,0
155864,0
251990,0
184981,0
206746,0
156565,0
155604,0
217344,0
47723,0
149694,0
157453,0
98094,0
151476,0
156500,0
12035,0
151182,0
169728,0
144035,0
158042,0
158502,0
188544,0
343,0
155985,0
169824,0
150238,0
158562,0
156417,0
151426,0
163358,0
155387,0
165643,0
186119,0
170168,0
30141,0
30148,0
155587,0
97973,0
152765,0
154896,0
160495,0
163037,0
163044,0
205320,0
163035,0
152371,0
158575,0
160542,0
158569,0
161872,0
134257,0
34686,0
20954,0
158737,0
155386,0
155903,0
36179,0
155552,0
155716,0
98391,0
151527,0
165592,0
151260,0
207531,0
162959,0
162984,0
155760,0
160177,0
36280,0
157057,0
151976,0
163240,0
166109,0
156168,0
164281,0
117877,0
206675,0
289422,0
150744,0
166418,0
151926,0
36178,0
71234,0
170893,0
152705,0
12429,0
158481,0
154906,0
205278,0
151153,0
156277,0
165078,0
149950,0
155644,0
28723,0
154852,0
155511,0
169792,0
158780,0
150389,0
144556,0
154901,0
152967,0
156741,0
156000,0
149850,0
152657,0
152331,0
144094,0
168182,0
12372,0
155403,0
205689,0
150688,0
158561,0
12421,0
161870,0
165951,0
72629,0
206657,0
155350,0
214420,0
158827,0
156170,0
166283,0
152318,0
55795,0
251933,0
155733,0
207530,0
205684,0
160491,0
158739,0
169977,0
149732,0
206779,0
156837,0
29187,0
154911,0
152372,0
154800,0
169968,0
151488,0
31004,0
155538,0
157248,0
207327,0
155832,0
156716,0
30605,0
155300,0
165155,0
170891,0
144281,0
152074,0
156280,0
168143,0
156130,0
155773,0
205695,0
153270,0
232556,0
156750,0
158820,0
155570,0
252049,0
156039,0
156814,0
150021,0
150585,0
155940,0
156785,0
98251,0
154733,0
166795,0
162580,0
152903,0
150418,0
165931,0
18393,0
167956,0
157736,0
35964,0
166412,0
158630,0
169922,0
156469,0
155586,0
165161,0
156111,0
155809,0
155474,0
157235,0
171167,0
154857,0
156218,0
144138,0
252612,0
155601,0
151827,0
156736,0
80439,0
207669,0
166338,0
156564,0
166306,0
162991,0
97960,0
150794,0
149763,0
162279,0
156505,0
151457,0
98240,0
167937,0
155897,0
17157,0
158738,0
156210,0
158363,0
289794,0
156419,0
150900,0
151545,0
153030,0
156146,0
158593,0
251055,0
152609,0
154843,0
158544,0
158692,0
168333,0
151090,0
249953,0
12271,0
154818,0
158810,0
55777,0
98373,0
80990,0
170917,0
152500,0
155520,0
156822,0
170434,0
158740,0
156357,0
154876,0
150076,0
167492,0
155653,0
205719,0
156413,0
169399,0
205717,0
156076,0
161913,0
72715,0
152536,0
207376,0
156738,0
12267,0
163341,0
166290,0
156548,0
152405,0
157477,0
98472,0
168818,0
155998,0
155524,0
170488,0
162892,0
12547,0
98414,0
30814,0
154210,0
168729,0
217491,0
249991,0
163062,0
154032,0
121250,0
153120,0
153178,0
150346,0
28531,0
163335,0
11807,0
34536,0
31494,0
153488,0
31969,0
159100,0
9405,0
252819,0
54580,0
128327,0
252874,0
152316,0
155916,0
26872,0
252219,0
206660,0
165993,0
170158,0
12718,0
153925,0
165648,0
170267,0
153352,0
128662,0
168231,0
63959,0
153852,0
252820,0
158662,0
170699,0
152267,0
252665,0
153700,0
150785,0
166328,0
144603,0
29510,0
155566,0
154819,0
31300,0
160084,0
155053,0
153512,0
101179,0
11669,0
152363,0
168745,0
2300,0
152961,0
32714,0
160425,0
295,0
153556,0
25638,0
155676,0
151630,0
152608,0
154557,0
50460,0
11861,0
166142,0
153633,0
152702,0
159255,0
159630,0
153227,0
153279,0
172569,0
219487,0
169013,0
153560,0
158335,0
12677,0
11864,0
150637,0
12557,0
169613,0
162993,0
154700,0
154316,0
164652,0
54382,0
217430,0
151239,0
54361,0
31762,0
172563,0
168989,0
161879,0
150816,0
32491,0
150737,0
75867,0
156030,0
32076,0
150148,0
42628,0
156009,0
150790,0
168610,0
144606,0
172534,0
207398,0
170753,0
191713,0
155640,0
250096,0
190078,0
151972,0
166379,0
205314,0
160113,0
157079,0
154829,0
11918,0
144510,0
150924,0
169596,0
170175,0
54484,0
156342,0
150423,0
156726,0
153432,0
151622,0
150662,0
157092,0
163068,0
152780,0
207429,0
154153,0
153457,0
154116,0
31841,0
144499,0
292178,0
28532,0
206813,0
168827,0
123085,0
252827,0
160319,0
155577,0
155651,0
154530,0
164781,0
168870,0
153631,0
11696,0
168041,0
150765,0
153998,0
154328,0
125879,0
160134,0
158510,0
154093,0
167569,0
152713,0
249729,0
90012,0
147114,0
154235,0
156056,0
11581,0
80452,0
153342,0
153818,0
172630,0
153622,0
156906,0
164898,0
152398,0
154880,0
1831,0
31884,0
67023,0
160371,0
152584,0
154359,0
153121,0
252870,0
151094,0
126569,0
29719,0
54450,0
31099,0
151146,0
151228,0
11511,0
159823,0
152834,0
152587,0
158672,0
168434,0
217432,0
162410,0
158207,0
152441,0
19111,0
30977,0
165598,0
153216,0
206826,0
31475,0
160304,0
32907,0
168637,0
150369,0
155692,0
126614,0
160100,0
152738,0
32981,0
154195,0
251129,0
153627,0
158346,0
185138,0
165438,0
153510,0
157306,0
156631,0
207625,0
158717,0
249348,0
168378,0
151844,0
158783,0
251864,0
11665,0
165851,0
11798,0
152269,0
168698,0
205673,0
169162,0
6862,0
152314,0
28978,0
152353,0
154526,0
151612,0
32533,0
152455,0
32436,0
47584,0
160265,0
157724,0
164581,0
153694,0
56812,0
160107,0
31909,0
168647,0
153603,0
153945,0
32830,0
144731,0
155412,0
32452,0
80458,0
156316,0
149716,0
12487,0
144721,0
153966,0
154923,0
155906,0
163001,0
11866,0
156468,0
207177,0
9172,0
12993,0
169117,0
158370,0
163215,0
151404,0
56596,0
207696,0
34517,0
29709,0
168464,0
160414,0
152983,0
149724,0
157668,0
154529,0
160307,0
47343,0
156526,0
207158,0
11738,0
207233,0
164062,0
31988,0
151858,0
207383,0
205530,0
205317,0
160057,0
152427,0
163067,0
154874,0
153946,0
92520,0
249971,0
169799,0
158594,0
56486,0
170970,0
152378,0
157234,0
185042,0
156773,0
99144,0
160150,0
164011,0
9273,0
252113,0
206000,0
168411,0
185271,0
153458,0
152334,0
153943,0
152614,0
151051,0
155770,0
12726,0
10920,0
31474,0
156703,0
153317,0
150374,0
152747,0
153460,0
47181,0
159031,0
11874,0
122071,0
185117,0
31490,0
156053,0
158333,0
154002,0
78437,0
252815,0
25449,0
98130,0
158729,0
206557,0
11688,0
168391,0
17164,0
31311,0
20994,0
12453,0
144724,0
163419,0
144659,0
152367,0
164887,0
38569,0
31482,0
154136,0
166314,0
219505,0
150852,0
39297,0
152335,0
166460,0
160268,0
61965,0
154544,0
153960,0
166381,0
144546,0
11353,0
156281,0
219510,0
153277,0
240266,0
156678,0
150623,0
169115,0
155055,0
152423,0
155740,0
158751,0
154334,0
158613,0
12719,0
169312,0
154112,0
185333,0
154727,0
153720,0
251048,0
166098,0
32755,0
153462,0
149982,0
151359,0
153380,0
13030,0
153154,0
164454,0
157307,0
153937,0
89042,0
31489,0
207495,0
153353,0
251288,0
154499,0
150788,0
50538,0
156821,0
156371,0
112180,0
156538,0
251879,0
30747,0
156910,0
155688,0
207071,0
32778,0
159524,0
153884,0
206014,0
153992,0
152931,0
163153,0
159995,0
172717,0
149656,0
152403,0
170720,0
169748,0
64413,0
206855,0
252056,0
151597,0
154386,0
159445,0
219238,0
156345,0
153466,0
1630,0
156853,0
29720,0
166781,0
152533,0
11813,0
32753,0
152940,0
168971,0
289887,0
154302,0
152977,0
153503,0
150681,0
153108,0
116419,0
219381,0
1995,0
54530,0
206010,0
153169,0
1615,0
4234,0
170405,0
150348,0
29696,0
205484,0
153623,0
30078,0
1889,0
169203,0
29679,0
31333,0
160241,0
12790,0
12700,0
12236,0
168785,0
158671,0
149740,0
158545,0
62874,0
163063,0
156798,0
169860,0
166199,0
11544,0
159181,0
149878,0
205479,0
153853,0
156494,0
151942,0
165722,0
154341,0
205539,0
164891,0
153930,0
167988,0
153941,0
89278,0
252528,0
29029,0
159182,0
31298,0
144612,0
160299,0
153344,0
157932,0
164882,0
152718,0
190151,0
152970,0
158659,0
166059,0
30833,0
1625,0
170165,0
149746,0
169970,0
32711,0
12224,0
251276,0
154820,0
153059,0
153917,0
152028,0
4712,0
154524,0
159965,0
153606,0
154137,0
160222,0
150177,0
207343,0
165126,0
168992,0
35540,0
11639,0
184689,0
31801,0
249173,0
207416,0
219486,0
159545,0
150278,0
12643,0
206021,0
252160,0
152274,0
153064,0
157206,0
16407,0
152293,0
153241,0
11872,0
252808,0
156850,0
159974,0
152964,0
292156,0
170237,0
56823,0
154517,0
150898,0
151285,0
207403,0
11902,0
150234,0
11856,0
172757,0
152347,0
163211,0
252651,0
252834,0
169948,0
167942,0
29349,0
2227,0
156605,0
155921,0
156330,0
48960,0
154509,0
152030,0
251036,0
158345,0
159987,0
158805,0
168768,0
401,0
132873,0
151615,0
154357,0
158942,0
172,0
170278,0
28437,0
144037,0
154358,0
151216,0
150156,0
166240,0
219323,0
190090,0
154364,0
29188,0
152548,0
153890,0
159037,0
32479,0
155881,0
43748,0
151904,0
29847,0
163722,0
31143,0
153347,0
168804,0
54437,0
121484,0
156354,0
160205,0
160157,0
152825,0
50540,0
152013,0
153070,0
144252,0
158785,0
31916,0
197740,0
121251,0
252813,0
156680,0
161625,0
158294,0
28528,0
155948,0
157486,0
162447,0
152742,0
153118,0
206550,0
150367,0
7544,0
168388,0
205523,0
170403,0
205534,0
35973,0
205359,0
154501,0
154813,0
144584,0
153931,0
156194,0
152280,0
32465,0
168824,0
31863,0
156154,0
152583,0
151633,0
152310,0
166181,0
128412,0
147184,0
155361,0
151220,0
144691,0
152815,0
252640,0
162455,0
152717,0
185041,0
51123,0
153469,0
12698,0
153272,0
11679,0
155782,0
184878,0
159846,0
151604,0
150403,0
169033,0
32628,0
151150,0
11693,0
11868,0
152284,0
157013,0
169138,0
110527,0
249959,0
151478,0
150540,0
169871,0
12491,0
239797,0
11690,0
156780,0
153927,0
156304,0
158123,0
165916,0
156490,0
19525,0
144719,0
165772,0
29749,0
184756,0
151895,0
62870,0
168734,0
154310,0
152396,0
128305,0
169812,0
158610,0
11722,0
11698,0
166101,0
153805,0
160099,0
217617,0
153583,0
170681,0
154825,0
158337,0
171105,0
166463,0
153276,0
11671,0
160272,0
153889,0
12199,0
166331,0
155620,0
61989,0
172593,0
161921,0
154832,0
12997,0
144683,0
156847,0
156399,0
155778,0
153942,0
191151,0
56310,0
185363,0
3173,0
32994,0
166757,0
165956,0
163217,0
55912,0
10858,0
167758,0
11736,0
150799,0
144093,0
159232,0
160409,0
219463,0
11559,0
150715,0
12325,0
153020,0
158541,0
152731,0
206778,0
30300,0
157118,0
156656,0
219241,0
12701,0
153134,0
10946,0
153936,0
126581,0
160336,0
155305,0
169982,0
252192,0
156361,0
152836,0
154774,0
81037,0
155857,0
80457,0
156273,0
45962,0
167547,0
153387,0
155421,0
215028,0
168396,0
205526,0
65642,0
172711,0
160169,0
150387,0
150971,0
251430,0
156453,0
156922,0
156305,0
153023,0
205407,0
152021,0
149927,0
153851,0
160275,0
156963,0
153646,0
252835,0
168899,0
168089,0
150362,0
154060,0
29577,0
252480,0
11817,0
201623,0
144401,0
5812,0
219476,0
154360,0
54356,0
150906,0
149726,0
29513,0
151499,0
87443,0
206005,0
29916,0
163069,0
252614,0
154322,0
155806,0
169112,0
12499,0
153923,0
134294,0
74920,0
165934,0
160047,0
97982,0
158546,0
67893,0
168461,0
158512,0
219504,0
154236,0
154243,0
72817,0
150124,0
4703,0
30084,0
158787,0
162953,0
118184,0
166720,0
11556,0
160023,0
292052,0
168483,0
172481,0
12802,0
155808,0
219511,0
160056,0
152469,0
157244,0
30880,0
153254,0
29759,0
12779,0
34554,0
31478,0
156742,0
205452,0
149830,0
168228,0
170287,0
251104,0
169030,0
166152,0
206391,0
167560,0
144548,0
205711,0
154831,0
151986,0
167978,0
153885,0
160334,0
42884,0
153508,0
152319,0
152504,0
33716,0
150949,0
158665,0
169752,0
165805,0
153513,0
207132,0
126573,0
167775,0
156108,0
153095,0
153608,0
219240,0
2230,0
163064,0
156107,0
153079,0
151415,0
205885,0
156433,0
54400,0
159636,0
205528,0
170263,0
205567,0
61636,0
207578,0
153797,0
144063,0
166807,0
11703,0
169256,0
164660,0
156238,0
169896,0
12264,0
153922,0
165904,0
54432,0
151982,0
155919,0
217633,0
150435,0
168409,0
156390,0
249742,0
154849,0
207451,0
252812,0
54602,0
185108,0
151414,0
252178,0
153861,0
160055,0
149629,0
250644,0
166236,0
154368,0
144727,0
149769,0
156440,0
168226,0
92529,0
296194,0
152340,0
32005,0
158469,0
155420,0
78265,0
56738,0
155370,0
151357,0
153243,0
249990,0
166739,0
156003,0
50546,0
154760,0
150381,0
153820,0
252226,0
167337,0
30030,0
169755,0
156264,0
166493,0
619,0
168949,0
153138,0
12332,0
153886,0
11604,0
9199,0
155662,0
152899,0
153673,0
56512,0
154908,0
32666,0
153487,0
154910,0
126536,0
168859,0
252626,0
153929,0
154025,0
153131,0
219317,0
157149,0
5001,0
152516,0
153053,0
152603,0
54481,0
160145,0
156794,0
163597,0
158578,0
155499,0
152852,0
12383,0
156032,0
151482,0
207134,0
156602,0
157133,0
152662,0
169590,0
207584,0
38439,0
163070,0
158673,0
154001,0
19235,0
251252,0
160335,0
219374,0
149992,0
156679,0
151020,0
185123,0
154352,0
54617,0
11687,0
11897,0
160428,0
219227,0
153113,0
172564,0
144607,0
54456,0
153619,0
11877,0
154186,0
32420,0
11672,0
205514,0
155746,0
251900,0
29712,0
155721,0
152357,0
150959,0
11822,0
144073,0
206033,0
250086,0
158257,0
160178,0
29819,0
166721,0
156796,0
160091,0
155549,0
150771,0
10856,0
153933,0
153732,0
166231,0
151168,0
169798,0
184812,0
63729,0
12618,0
162611,0
155661,0
153806,0
185119,0
4065,0
154778,0
184799,0
168505,0
151311,0
28454,0
155824,0
204861,0
152503,0
150802,0
152932,0
170208,0
160312,0
150752,0
158314,0
144148,0
185150,0
161600,0
172626,0
155892,0
153179,0
12225,0
159861,0
154161,0
169754,0
156873,0
170173,0
9206,0
167891,0
92608,0
160260,0
206571,0
150408,0
157942,0
207534,0
28452,0
32460,0
160189,0
252628,0
154156,0
66712,0
156420,0
169749,0
169043,0
249670,0
206785,0
150979,0
153482,0
153019,0
152652,0
144692,0
166786,0
155745,0
32706,0
152078,0
206817,0
154486,0
7474,0
17189,0
39520,0
168373,0
151372,0
155490,0
167598,0
159686,0
172616,0
68785,0
154866,0
99694,0
161461,0
154217,0
163203,0
161919,0
205315,0
158565,0
11394,0
163412,0
156071,0
168844,0
152949,0
11870,0
65406,0
31778,0
17172,0
153725,0
155949,0
219375,0
289427,0
31894,0
163940,0
152926,0
155807,0
152963,0
29248,0
249307,0
151377,0
160231,0
168792,0
56132,0
159022,0
150743,0
152279,0
153109,0
171168,0
165801,0
165810,0
207453,0
166259,0
168348,0
163887,0
165484,0
54421,0
31088,0
170028,0
62537,0
207104,0
252229,0
157460,0
156599,0
155470,0
56248,0
163003,0
158030,0
32435,0
151041,0
152271,0
155708,0
154511,0
155621,0
150347,0
92438,0
151157,0
22782,0
151329,0
166232,0
169099,0
168962,0
185275,0
11569,0
154537,0
52268,0
156730,0
89259,0
156374,0
153719,0
151315,0
11714,0
168323,0
154037,0
156753,0
157119,0
185723,0
11362,0
169000,0
153158,0
155397,0
158259,0
151966,0
166456,0
205565,0
170698,0
151353,0
48056,0
152574,0
168790,0
251127,0
30929,0
153234,0
153278,0
144605,0
168672,0
154026,0
167789,0
165466,0
151070,0
11694,0
289843,0
160342,0
206267,0
166031,0
207454,0
251829,0
219216,0
160021,0
115202,0
29069,0
205994,0
252599,0
155695,0
48206,0
11894,0
11543,0
155415,0
165597,0
152277,0
166977,0
290136,0
155902,0
207378,0
153483,0
152671,0
169292,0
252863,0
185148,0
152943,0
159991,0
66914,0
249182,0
159121,0
165675,0
165558,0
160361,0
206539,0
165003,0
10950,0
165540,0
162920,0
160069,0
150792,0
152777,0
160036,0
219520,0
99259,0
150935,0
168604,0
252045,0
158615,0
170566,0
168167,0
11777,0
152816,0
152385,0
156975,0
150841,0
153876,0
152349,0
219501,0
219245,0
31996,0
154859,0
144712,0
168689,0
144572,0
206853,0
165627,0
151145,0
251275,0
252767,0
160085,0
152468,0
170116,0
252061,0
207575,0
28687,0
160330,0
153141,0
252645,0
252556,0
32000,0
64425,0
150578,0
150954,0
159259,0
44087,0
154755,0
205674,0
151954,0
151231,0
152109,0
156673,0
149853,0
153551,0
166431,0
205884,0
168820,0
167905,0
150657,0
151920,0
152502,0
11443,0
164587,0
158589,0
153594,0
160208,0
32160,0
7145,0
8306,0
170207,0
29618,0
152978,0
314,0
159623,0
12679,0
168787,0
156758,0
144614,0
207011,0
154182,0
170247,0
252292,0
206922,0
159251,0
152294,0
159128,0
149905,0
252774,0
162995,0
165560,0
150412,0
11708,0
250094,0
252237,0
31526,0
250658,0
170534,0
206017,0
17144,0
205429,0
159542,0
156913,0
172498,0
172660,0
151261,0
152665,0
151412,0
206751,0
163081,0
152387,0
150725,0
219220,0
152016,0
169537,0
10840,0
165858,0
150251,0
160103,0
160009,0
32129,0
170160,0
45759,0
152819,0
152321,0
11555,0
152651,0
11829,0
115898,0
170527,0
161495,0
152919,0
165811,0
154013,0
153103,0
159837,0
150803,0
160154,0
153092,0
154163,0
98374,0
151364,0
151217,0
163145,0
153501,0
251878,0
160412,0
251411,0
205536,0
165940,0
164082,0
170544,0
27237,0
98064,0
158471,0
158669,0
159307,0
153904,0
119041,0
152841,0
169246,0
156590,0
29354,0
128075,0
12796,0
249924,0
160093,0
172698,0
154775,0
168164,0
153638,0
169561,0
144649,0
150757,0
160244,0
170027,0
206867,0
158284,0
152062,0
160348,0
251403,0
153034,0
158327,0
162007,0
249199,0
157485,0
205708,0
168581,0
18802,0
159711,0
207985,0
6612,0
149675,0
152437,0
170260,0
144682,0
151973,0
169782,0
157359,0
168372,0
153524,0
160008,0
118237,0
169873,0
252752,0
184589,0
229543,0
156683,0
144698,0
153653,0
153630,0
170183,0
118176,0
156021,0
207408,0
32400,0
152666,0
151200,0
159792,0
205966,0
252139,0
160174,0
166007,0
165703,0
166262,0
251251,0
154181,0
156398,0
164038,0
164614,0
32608,0
12622,0
169114,0
121303,0
170554,0
150789,0
156075,0
149775,0
12736,0
155976,0
152546,0
163083,0
159608,0
152793,0
155537,0
165957,0
151213,0
153268,0
206755,0
169472,0
160075,0
168596,0
169573,0
150061,0
166080,0
151487,0
207264,0
164752,0
159488,0
144013,0
152720,0
39365,0
205681,0
152987,0
167728,0
29970,0
156647,0
153200,0
249713,0
151232,0
162963,0
252145,0
170282,0
206583,0
252157,0
207559,0
156336,0
155865,0
153616,0
249329,0
172722,0
158474,0
166800,0
11650,0
155052,0
152923,0
160043,0
144720,0
30722,0
150692,0
98735,0
160148,0
252055,0
145892,0
152422,0
156333,0
150967,0
32001,0
160101,0
50569,0
170522,0
252131,0
155767,0
249982,0
170112,0
159717,0
158328,0
74953,0
151160,0
170026,0
252771,0
155506,0
159010,0
165786,0
153527,0
170538,0
150396,0
159994,0
155046,0
170548,0
126837,0
152273,0
165785,0
159318,0
252768,0
251857,0
252057,0
245390,0
11925,0
150145,0
63066,0
157599,0
11535,0
158470,0
289771,0
170235,0
166354,0
155887,0
163012,0
155308,0
32124,0
155608,0
205334,0
155630,0
119095,0
149786,0
35634,0
151167,0
144802,0
158543,0
206792,0
169761,0
160136,0
54257,0
12797,0
152514,0
152323,0
144481,0
160381,0
43101,0
166149,0
252765,0
252753,0
144613,0
144644,0
166145,0
204838,0
250108,0
165872,0
11882,0
150549,0
169418,0
252773,0
12624,0
150826,0
163028,0
156412,0
156871,0
156528,0
155821,0
156221,0
156722,0
158220,0
156287,0
156428,0
155873,0
163026,0
156737,0
166218,0
156575,0
156544,0
154706,0
156861,0
154688,0
158286,0
154935,0
155843,0
207953,0
155512,0
155927,0
155636,0
155405,0
156651,0
206049,0
156591,0
156672,0
158526,0
156325,0
155672,0
166503,0
154861,0
163030,0
155436,0
156567,0
158321,0
154840,0
155404,0
156061,0
153269,0
156582,0
150778,0
152265,0
154690,0
156294,0
52621,0
153130,0
156150,0
156002,0
158654,0
11584,0
156666,0
154691,0
157630,0
156706,0
155509,0
154877,0
154816,0
155400,0
21194,0
34655,0
155628,0
156860,0
163023,0
205697,0
151828,0
149623,0
155347,0
152904,0
55792,0
160492,0
156936,0
155545,0
150952,0
154821,0
158599,0
156439,0
36176,0
156558,0
150828,0
158505,0
155430,0
12374,0
155487,0
156818,0
156944,0
156476,0
156697,0
249933,0
152752,0
152406,0
152751,0
156674,0
160452,0
156886,0
28704,0
165526,0
156472,0
156388,0
152928,0
156960,0
155930,0
158772,0
156634,0
155793,0
156923,0
156961,0
163024,0
165839,0
151467,0
154828,0
156434,0
151040,0
156083,0
156594,0
156300,0
155835,0
156719,0
149624,0
155414,0
155516,0
158770,0
163025,0
149669,0
158771,0
63005,0
38876,0
156784,0
156717,0
207957,0
150811,0
155826,0
151940,0
163027,0
158731,0
155452,0
156857,0
151929,0
158653,0
156789,0
155606,0
157249,0
156657,0
156718,0
158461,0
205701,0
156879,0
156907,0
249987,0
155941,0
160509,0
160592,0
156868,0
156708,0
158319,0
156217,0
156429,0
156488,0
160480,0
154794,0
156740,0
151981,0
163022,0
11529,0
155652,0
80443,0
206872,0
206879,0
156103,0
11534,0
155794,0
156625,0
156102,0
80451,0
156211,0
249790,0
165820,0
156698,0
155594,0
149671,0
155559,0
156435,0
156113,0
153626,0
155765,0
156501,0
156449,0
155598,0
154887,0
156769,0
158507,0
149794,0
155635,0
7467,0
152958,0
157262,0
158793,0
156973,0
156971,0
156815,0
149690,0
160574,0
158501,0
158596,0
19770,0
155485,0
156811,0
158818,0
155589,0
156437,0
155349,0
156450,0
156496,0
156828,0
155385,0
157034,0
156611,0
160510,0
155466,0
156699,0
156350,0
156901,0
151980,0
155469,0
156580,0
152525,0
166393,0
158600,0
158814,0
205441,0
155833,0
156125,0
155649,0
155478,0
155541,0
155611,0
158707,0
252188,0
152801,0
144487,0
170264,0
32354,0
152820,0
170663,0
153090,0
205507,0
168728,0
170628,0
168693,0
170461,0
205977,0
152612,0
150701,0
186185,0
151943,0
152558,0
11748,0
43305,0
163079,0
167201,0
205864,0
149849,0
75669,0
207450,0
158698,0
150429,0
156301,0
17306,0
151953,0
158797,0
153188,0
124191,0
185722,0
152038,0
251,0
156682,0
249380,0
166468,0
152388,0
151599,0
160081,0
249315,0
156369,0
163131,0
170396,0
152954,0
151819,0
150420,0
156988,0
92690,0
152861,0
158323,0
32070,0
152971,0
152937,0
219243,0
11576,0
10851,0
159134,0
151097,0
152356,0
149649,0
165787,0
12237,0
207503,0
45494,0
152878,0
219402,0
153846,0
172667,0
32370,0
114672,0
205311,0
155885,0
168786,0
219420,0
170635,0
166383,0
205504,0
123084,0
205517,0
206580,0
155341,0
251142,0
97989,0
160323,0
29928,0
166187,0
11854,0
29594,0
147162,0
11428,0
144430,0
249926,0
169784,0
163885,0
155742,0
153035,0
144476,0
160011,0
150421,0
160325,0
153427,0
249200,0
165440,0
32141,0
153304,0
151932,0
170076,0
170333,0
166180,0
152342,0
153635,0
160078,0
151356,0
72692,0
162861,0
62536,0
154039,0
169669,0
170081,0
156638,0
159383,0
159330,0
244014,0
170113,0
150370,0
169601,0
32367,0
166094,0
218635,0
170288,0
156326,0
152476,0
35559,0
191179,0
153906,0
150103,0
251141,0
155500,0
160383,0
153032,0
31977,0
32055,0
156531,0
197425,0
29795,0
156844,0
152571,0
168648,0
155413,0
160188,0
30672,0
168526,0
249373,0
32308,0
156893,0
30345,0
48796,0
170032,0
206770,0
151379,0
12247,0
32243,0
158511,0
7652,0
38246,0
219522,0
160354,0
159454,0
156334,0
150611,0
152596,0
252311,0
118334,0
249988,0
168499,0
150380,0
92667,0
152369,0
172409,0
160186,0
152900,0
31484,0
153894,0
13008,0
219379,0
72722,0
206389,0
207546,0
207568,0
150438,0
32317,0
32134,0
185258,0
249974,0
32182,0
32252,0
11803,0
153006,0
12615,0
144543,0
167606,0
21829,0
37660,0
156225,0
150373,0
32358,0
160203,0
152287,0
158427,0
153613,0
153617,0
156760,0
86506,0
165853,0
66979,0
153069,0
159988,0
156431,0
155564,0
153018,0
156288,0
170245,0
155479,0
144608,0
162858,0
30837,0
43265,0
205986,0
219242,0
169137,0
150390,0
165687,0
54327,0
252795,0
159516,0
71844,0
151230,0
164002,0
219244,0
292051,0
169835,0
150365,0
152452,0
29563,0
160082,0
168628,0
12500,0
151081,0
149773,0
206732,0
155802,0
156038,0
156984,0
159520,0
153975,0
249996,0
156756,0
31983,0
144611,0
162882,0
144036,0
197665,0
86517,0
151335,0
207576,0
18894,0
152556,0
170394,0
153001,0
252663,0
185242,0
172556,0
152283,0
205510,0
296643,0
206529,0
158361,0
166464,0
172729,0
153004,0
29809,0
159523,0
150046,0
153926,0
11498,0
144045,0
149676,0
197391,0
165489,0
150891,0
144696,0
159976,0
156745,0
205847,0
168470,0
32254,0
152473,0
166458,0
30786,0
185374,0
184875,0
152843,0
144596,0
252784,0
162028,0
3931,0
168445,0
163006,0
168918,0
249968,0
156550,0
160300,0
45780,0
249250,0
12767,0
156618,0
166108,0
2360,0
12447,0
206787,0
207194,0
249983,0
168448,0
159776,0
131330,0
205886,0
168408,0
152992,0
152407,0
160071,0
162649,0
152090,0
152957,0
160072,0
11697,0
206844,0
12143,0
81025,0
28495,0
155918,0
250728,0
12687,0
156213,0
167550,0
152332,0
150252,0
32099,0
152842,0
251131,0
154080,0
159777,0
206023,0
4716,0
152863,0
160259,0
29675,0
144436,0
13010,0
154891,0
74626,0
149960,0
155693,0
28469,0
11746,0
185241,0
153182,0
156556,0
144172,0
165844,0
155710,0
160135,0
11833,0
144714,0
152034,0
157236,0
144217,0
155557,0
166457,0
169648,0
150879,0
153081,0
56800,0
250727,0
149697,0
153000,0
32195,0
153914,0
252519,0
167116,0
30939,0
154811,0
32194,0
207446,0
172669,0
126638,0
152682,0
162977,0
144610,0
156511,0
160429,0
155945,0
158822,0
32092,0
166365,0
153456,0
170015,0
162625,0
154212,0
144405,0
164018,0
165355,0
118200,0
158552,0
11598,0
168359,0
150660,0
249175,0
150738,0
168491,0
156269,0
156534,0
155674,0
159034,0
29247,0
169781,0
165630,0
151247,0
12471,0
168681,0
163634,0
206842,0
29268,0
11862,0
153129,0
11566,0
252872,0
12378,0
11425,0
159889,0
152163,0
163477,0
35390,0
152484,0
168931,0
150433,0
158726,0
150825,0
169683,0
160248,0
152358,0
12633,0
152449,0
144718,0
252195,0
10834,0
150751,0
152015,0
32044,0
876,0
2217,0
164929,0
11653,0
163075,0
32214,0
206500,0
144084,0
144704,0
144757,0
156978,0
156570,0
35547,0
153137,0
150240,0
11873,0
149734,0
144590,0
17143,0
151263,0
168073,0
156297,0
166368,0
154079,0
3770,0
172756,0
160032,0
166216,0
152771,0
144547,0
144803,0
151519,0
152856,0
205880,0
207927,0
159990,0
156051,0
252775,0
11663,0
158548,0
153549,0
407,0
151522,0
162693,0
152667,0
156940,0
151151,0
149754,0
151196,0
151959,0
152343,0
62087,0
159547,0
217516,0
207598,0
12811,0
160198,0
152110,0
169563,0
155961,0
151340,0
249363,0
170393,0
250667,0
151619,0
153559,0
159539,0
18557,0
158705,0
12376,0
160206,0
185170,0
82344,0
160305,0
172428,0
152282,0
207631,0
152154,0
89902,0
9215,0
166847,0
152831,0
152683,0
249883,0
130255,0
153022,0
158065,0
151994,0
252779,0
144540,0
252029,0
144618,0
252787,0
170397,0
11908,0
42994,0
154781,0
207941,0
154795,0
144513,0
144601,0
154689,0
153123,0
153899,0
151584,0
152684,0
32246,0
149772,0
172536,0
156636,0
54339,0
410,0
155736,0
158778,0
252776,0
166058,0
152017,0
206859,0
150905,0
144463,0
11645,0
165813,0
160060,0
251285,0
252793,0
152898,0
156373,0
167778,0
167854,0
144582,0
170619,0
150417,0
150588,0
157643,0
251422,0
159043,0
166136,0
92469,0
153203,0
158764,0
152322,0
155193,0
124559,0
169578,0
162855,0
207950,0
152610,0
169108,0
73181,0
153650,0
162964,0
163074,0
29337,0
152638,0
158348,0
11412,0
163435,0
152409,0
81294,0
163016,0
11900,0
64173,0
169740,0
250646,0
165873,0
158547,0
151863,0
153498,0
150749,0
185224,0
153506,0
168934,0
119409,0
219523,0
144157,0
158317,0
160283,0
30504,0
156622,0
155744,0
150718,0
150382,0
163077,0
160200,0
159579,0
151924,0
251115,0
153871,0
92629,0
154128,0
155440,0
158542,0
11876,0
12642,0
252203,0
147174,0
158572,0
159973,0
160395,0
31011,0
149630,0
249473,0
29855,0
152482,0
154925,0
12768,0
168416,0
122030,0
155297,0
33006,0
168778,0
154059,0
87724,0
155684,0
29541,0
119503,0
151616,0
252161,0
26385,0
169924,0
170103,0
156694,0
152829,0
32947,0
150053,0
159411,0
12666,0
252119,0
45837,0
207635,0
152912,0
169095,0
152152,0
158326,0
152303,0
250110,0
11749,0
153563,0
152997,0
164000,0
252181,0
154748,0
252104,0
159312,0
150773,0
144703,0
164154,0
155788,0
144604,0
172648,0
32307,0
150948,0
252668,0
150779,0
155503,0
252236,0
166155,0
144615,0
12747,0
160376,0
158607,0
144025,0
31989,0
152113,0
163080,0
170043,0
160106,0
166384,0
166097,0
205707,0
160266,0
152555,0
130828,0
17182,0
160095,0
105888,0
207254,0
207331,0
156609,0
152602,0
155681,0
30669,0
163371,0
154019,0
152984,0
184973,0
152733,0
161847,0
30918,0
165583,0
184963,0
150349,0
124059,0
154864,0
28315,0
158641,0
39026,0
150191,0
150419,0
149687,0
144639,0
185813,0
17196,0
169900,0
162145,0
156598,0
152891,0
156793,0
168810,0
167622,0
207528,0
152359,0
166176,0
169224,0
217417,0
252102,0
252624,0
165874,0
29704,0
54927,0
152622,0
2660,0
154020,0
252577,0
30592,0
205555,0
156348,0
158807,0
161928,0
251431,0
158381,0
156517,0
55779,0
155448,0
156834,0
156144,0
158309,0
120,0
207611,0
158506,0
150268,0
150656,0
153084,0
49278,0
167861,0
170223,0
17126,0
163052,0
156327,0
144653,0
150616,0
289897,0
85531,0
6856,0
159806,0
12070,0
152848,0
249386,0
154453,0
155377,0
154525,0
154871,0
149771,0
30830,0
158680,0
156614,0
155619,0
156545,0
161931,0
156783,0
160065,0
199195,0
158799,0
115793,0
152001,0
167370,0
166979,0
165768,0
206806,0
158790,0
11611,0
12675,0
155298,0
156887,0
150366,0
170858,0
155523,0
217425,0
168221,0
152942,0
152105,0
165819,0
167818,0
217394,0
11519,0
30701,0
30807,0
158696,0
92647,0
206278,0
152740,0
163011,0
251889,0
30315,0
251898,0
154262,0
151349,0
165096,0
155473,0
155680,0
152445,0
153593,0
153703,0
32966,0
30622,0
170413,0
154808,0
29212,0
150720,0
155775,0
152301,0
69515,0
31162,0
251896,0
168503,0
158652,0
20400,0
155732,0
161500,0
157069,0
156312,0
158365,0
156921,0
156792,0
207436,0
150859,0
167617,0
12715,0
13000,0
169188,0
153485,0
144635,0
150350,0
158644,0
29657,0
31151,0
144777,0
154938,0
168783,0
12669,0
165774,0
201563,0
8564,0
167273,0
207425,0
160156,0
206393,0
158796,0
171134,0
166077,0
17197,0
251024,0
165568,0
152661,0
163055,0
11843,0
11438,0
184967,0
153928,0
158516,0
155899,0
154,0
146,0
144023,0
155955,0
153586,0
169002,0
219352,0
163182,0
156179,0
217396,0
252004,0
154702,0
207639,0
156772,0
156765,0
12045,0
156635,0
150699,0
166162,0
217349,0
170437,0
152570,0
161910,0
157001,0
152386,0
28280,0
28321,0
51946,0
163137,0
12329,0
30618,0
170868,0
151496,0
162965,0
172709,0
205995,0
11830,0
157050,0
144835,0
168697,0
152191,0
169315,0
12075,0
30965,0
156851,0
156729,0
169341,0
213,0
102948,0
156339,0
168212,0
153036,0
156637,0
11834,0
3941,0
217587,0
153256,0
34567,0
164840,0
207455,0
217419,0
152272,0
169654,0
162677,0
156049,0
154730,0
162040,0
166213,0
205532,0
219324,0
252051,0
156268,0
11597,0
165054,0
160582,0
150020,0
169255,0
169777,0
207329,0
154930,0
217427,0
168733,0
12396,0
11823,0
154010,0
12415,0
32185,0
149756,0
165755,0
170266,0
169705,0
167422,0
28783,0
184993,0
149817,0
32146,0
168679,0
169283,0
153629,0
158478,0
156865,0
69098,0
12403,0
35780,0
163054,0
168452,0
154226,0
251867,0
150357,0
156803,0
30037,0
155548,0
207213,0
166364,0
152291,0
150434,0
252121,0
162896,0
153987,0
156890,0
159970,0
375,0
154886,0
167549,0
169971,0
206958,0
152382,0
163472,0
163218,0
156581,0
155898,0
156642,0
154441,0
31120,0
251875,0
161487,0
168784,0
11592,0
32962,0
163129,0
156507,0
252033,0
170193,0
153396,0
252610,0
156012,0
152139,0
150399,0
30428,0
11579,0
31111,0
251895,0
163190,0
156114,0
156762,0
217387,0
50950,0
206325,0
227,0
168845,0
170795,0
152965,0
158473,0
169309,0
158661,0
156629,0
12727,0
161512,0
168731,0
160365,0
79568,0
155625,0
214018,0
35966,0
169634,0
170162,0
205442,0
154701,0
108654,0
35967,0
31069,0
150807,0
154742,0
150760,0
170852,0
156902,0
34919,0
172715,0
130176,0
21734,0
151032,0
219488,0
50407,0
169273,0
152936,0
168253,0
144722,0
154370,0
152317,0
158312,0
161574,0
151009,0
165804,0
154488,0
24098,0
158611,0
30770,0
150652,0
35941,0
155669,0
289425,0
152354,0
134121,0
144393,0
162037,0
156597,0
152023,0
130814,0
18359,0
150383,0
156033,0
165736,0
150645,0
162915,0
167421,0
152850,0
204924,0
155840,0
11932,0
154028,0
152475,0
155780,0
12181,0
168957,0
155966,0
155356,0
149673,0
251894,0
207391,0
158784,0
150747,0
172448,0
158302,0
156546,0
12351,0
151425,0
156504,0
12426,0
161269,0
217840,0
155936,0
219213,0
80447,0
206171,0
144257,0
162617,0
153984,0
163192,0
11601,0
252154,0
150379,0
168008,0
155853,0
153878,0
154220,0
155467,0
164634,0
12148,0
166360,0
169295,0
155673,0
158577,0
168184,0
144625,0
155989,0
28333,0
152982,0
150934,0
142,0
11591,0
30586,0
296054,0
30407,0
215694,0
217372,0
29153,0
12239,0
158755,0
151343,0
155656,0
31477,0
144574,0
34922,0
153580,0
153083,0
155507,0
165680,0
161628,0
154175,0
338,0
98875,0
156270,0
252605,0
154729,0
35946,0
214956,0
168495,0
30509,0
158313,0
163219,0
12652,0
156094,0
166078,0
154290,0
10855,0
144657,0
29734,0
155324,0
152395,0
156825,0
10907,0
149816,0
150730,0
155632,0
158664,0
156129,0
12673,0
166411,0
90411,0
158609,0
11610,0
152626,0
128376,0
156863,0
11583,0
156866,0
155581,0
158727,0
192528,0
153481,0
163207,0
28231,0
150984,0
28234,0
224193,0
149766,0
251847,0
160415,0
150363,0
11888,0
12169,0
168759,0
155578,0
169621,0
205667,0
151227,0
49165,0
155869,0
35969,0
49327,0
156608,0
156869,0
160293,0
154011,0
252031,0
97066,0
158364,0
154711,0
155720,0
158152,0
155565,0
28233,0
206394,0
144275,0
206936,0
161871,0
10863,0
35980,0
167287,0
206197,0
152431,0
50817,0
289788,0
165671,0
31479,0
155904,0
151512,0
151233,0
150882,0
152601,0
160064,0
168446,0
250273,0
184935,0
158281,0
11416,0
153938,0
168791,0
153175,0
217426,0
156831,0
12394,0
167968,0
168338,0
147,0
170862,0
240654,0
149952,0
214441,0
152818,0
56837,0
167868,0
12209,0
150764,0
151988,0
217365,0
150671,0
158520,0
12101,0
157899,0
144496,0
155408,0
169319,0
156196,0
161643,0
152330,0
165971,0
155363,0
152953,0
55775,0
168794,0
153595,0
49236,0
10899,0
166317,0
119447,0
31805,0
156430,0
252742,0
165964,0
163474,0
31819,0
166402,0
30314,0
251418,0
158699,0
206950,0
35988,0
158639,0
162899,0
144102,0
170801,0
167523,0
152413,0
150427,0
156859,0
30578,0
168140,0
35965,0
251255,0
156197,0
162483,0
163158,0
154854,0
160012,0
168506,0
43860,0
39183,0
169142,0
205560,0
11602,0
156603,0
206281,0
214,0
163148,0
156355,0
202,0
105248,0
155667,0
155406,0
205558,0
161501,0
168925,0
153310,0
206935,0
206041,0
152098,0
55707,0
152333,0
35949,0
205522,0
13016,0
206025,0
31495,0
29350,0
30876,0
165483,0
151192,0
155647,0
30820,0
20461,0
217603,0
158728,0
156684,0
152600,0
172494,0
156628,0
12690,0
170409,0
30785,0
166410,0
151544,0
207564,0
206799,0
168927,0
170316,0
154799,0
156535,0
56824,0
150607,0
156461,0
155351,0
12635,0
134297,0
206753,0
168460,0
206214,0
207476,0
38956,0
163170,0
98413,0
252653,0
150385,0
154685,0
153668,0
90303,0
20880,0
162996,0
155369,0
149823,0
169134,0
205451,0
163209,0
163144,0
151964,0
167872,0
156632,0
249392,0
158573,0
153572,0
151606,0
153692,0
250410,0
162150,0
163181,0
163193,0
144505,0
156403,0
252587,0
158306,0
151016,0
157520,0
151628,0
159,0
167870,0
156356,0
168441,0
153125,0
169313,0
207305,0
154457,0
144042,0
30936,0
169049,0
44718,0
206795,0
30326,0
155556,0
12591,0
251861,0
250709,0
155719,0
151833,0
30371,0
163205,0
144570,0
205527,0
70827,0
160054,0
219441,0
152905,0
150641,0
217369,0
158674,0
12286,0
68992,0
161519,0
150095,0
219306,0
167888,0
169624,0
158521,0
158800,0
144104,0
56348,0
28918,0
30163,0
158559,0
153592,0
164308,0
160160,0
217401,0
35934,0
152426,0
120544,0
156810,0
168848,0
30916,0
160201,0
158301,0
167982,0
156604,0
158555,0
154572,0
30324,0
156311,0
150377,0
252108,0
153663,0
48546,0
250336,0
166466,0
11577,0
152270,0
152434,0
156397,0
170271,0
155459,0
292242,0
251848,0
160173,0
158342,0
28729,0
30782,0
169668,0
156577,0
170883,0
153662,0
206291,0
206031,0
207710,0
198286,0
35628,0
156228,0
11677,0
50608,0
167803,0
32392,0
152102,0
31049,0
30419,0
154873,0
11497,0
30998,0
12416,0
155588,0
155407,0
168721,0
155917,0
165143,0
169406,0
149739,0
160239,0
150742,0
152295,0
50539,0
128501,0
205463,0
155823,0
166371,0
158647,0
163136,0
152531,0
160316,0
30455,0
165591,0
152613,0
158295,0
163009,0
166215,0
251880,0
150986,0
155530,0
349,0
158679,0
152812,0
155553,0
205540,0
30975,0
149725,0
158588,0
156838,0
163180,0
207640,0
153542,0
158806,0
169279,0
12773,0
34575,0
155391,0
154698,0
163060,0
144632,0
150955,0
155896,0
206665,0
165845,0
162998,0
154490,0
158538,0
12166,0
71504,0
154793,0
30793,0
219211,0
155482,0
205419,0
164844,0
144638,0
144647,0
12171,0
154697,0
159599,0
158311,0
168646,0
165500,0
26166,0
152725,0
155738,0
152394,0
157891,0
205468,0
98020,0
158320,0
156321,0
56817,0
163479,0
155560,0
165758,0
169143,0
170321,0
29215,0
167558,0
205705,0
98345,0
156159,0
22076,0
156639,0
205364,0
11899,0
163430,0
49162,0
29351,0
153058,0
169976,0
38682,0
30516,0
156220,0
152975,0
155739,0
219195,0
43478,0
54778,0
152404,0
168462,0
156266,0
152379,0
155847,0
156464,0
169427,0
165496,0
7649,0
154913,0
152994,0
155665,0
155750,0
30620,0
217362,0
169116,0
152930,0
108693,0
144053,0
205541,0
152849,0
156446,0
144713,0
153809,0
144581,0
217397,0
40287,0
28238,0
207122,0
169421,0
150768,0
171148,0
150878,0
154812,0
121741,0
153115,0
154198,0
150550,0
55781,0
98205,0
154485,0
32004,0
150131,0
156025,0
152451,0
154902,0
12632,0
219450,0
11718,0
162994,0
162909,0
205396,0
149643,0
155526,0
144443,0
153624,0
151389,0
170268,0
35938,0
169198,0
164242,0
32142,0
296123,0
154018,0
163448,0
154796,0
152787,0
217599,0
168645,0
145851,0
165803,0
249753,0
151440,0
158789,0
152700,0
154121,0
158804,0
156669,0
172546,0
23091,0
162922,0
154098,0
166465,0
156302,0
164838,0
448,0
170110,0
168660,0
166974,0
161463,0
214469,0
155394,0
12676,0
152447,0
150368,0
155650,0
154705,0
30702,0
156976,0
165770,0
201616,0
152433,0
251845,0
34535,0
156790,0
166105,0
219471,0
168492,0
217613,0
252647,0
30665,0
156381,0
144302,0
348,0
128355,0
152750,0
147128,0
155303,0
150356,0
154786,0
159966,0
153920,0
163056,0
11605,0
31950,0
28804,0
152781,0
206866,0
150394,0
206857,0
170194,0
17184,0
205714,0
12163,0
158532,0
252125,0
158479,0
31138,0
155884,0
166752,0
169802,0
46672,0
10853,0
40087,0
158612,0
160240,0
144730,0
158571,0
119960,0
154839,0
156475,0
790,0
163236,0
167263,0
251843,0
30301,0
160267,0
153212,0
99337,0
30967,0
152009,0
12184,0
217375,0
155383,0
87004,0
156065,0
152360,0
217407,0
156927,0
158523,0
151835,0
168749,0
152275,0
156909,0
152716,0
152703,0
29158,0
11841,0
156904,0
155477,0
158472,0
165968,0
152794,0
43788,0
154100,0
167753,0
157364,0
50258,0
156813,0
29913,0
35943,0
152159,0
30180,0
168821,0
155607,0
28860,0
152345,0
150759,0
153971,0
161597,0
251874,0
152288,0
156317,0
156254,0
46589,0
207239,0
144107,0
153098,0
31146,0
217584,0
166747,0
10864,0
251412,0
252564,0
157902,0
156854,0
205391,0
34925,0
216,0
170879,0
157295,0
30827,0
151293,0
205677,0
170128,0
217593,0
119065,0
249892,0
28830,0
75695,0
168609,0
168996,0
156022,0
169652,0
155416,0
152306,0
168811,0
151147,0
56808,0
184771,0
155914,0
252617,0
152796,0
155325,0
29722,0
46631,0
169071,0
155987,0
31570,0
166450,0
151314,0
169156,0
29189,0
217609,0
166452,0
150696,0
167390,0
151010,0
150428,0
219,0
150929,0
12629,0
205713,0
169056,0
126423,0
158534,0
168385,0
217422,0
28314,0
166281,0
29170,0
56848,0
154882,0
152934,0
163177,0
152446,0
162936,0
153916,0
217602,0
144664,0
162980,0
150989,0
205680,0
166334,0
152607,0
156883,0
30744,0
155312,0
34644,0
205450,0
249920,0
152373,0
207181,0
153664,0
235211,0
156068,0
150728,0
290117,0
168523,0
168529,0
99738,0
159689,0
152464,0
152554,0
164628,0
150610,0
155332,0
242830,0
165490,0
112524,0
167836,0
153843,0
118186,0
149727,0
166978,0
152052,0
219200,0
149706,0
166476,0
199871,0
153649,0
155995,0
252249,0
158992,0
249847,0
119310,0
249333,0
205383,0
296118,0
205881,0
167739,0
152497,0
251833,0
150781,0
165694,0
160104,0
167709,0
167619,0
167646,0
150951,0
11516,0
168343,0
152860,0
119383,0
156835,0
165941,0
156540,0
150082,0
155631,0
164007,0
153061,0
166203,0
98344,0
250194,0
152416,0
252156,0
122203,0
237597,0
72018,0
153609,0
28701,0
249897,0
118257,0
159557,0
153989,0
74800,0
290131,0
29731,0
152620,0
30682,0
252706,0
198649,0
251828,0
163089,0
150074,0
166477,0
234133,0
153324,0
165638,0
155119,0
156903,0
168553,0
119242,0
165640,0
249596,0
205487,0
290118,0
163020,0
251825,0
153235,0
125111,0
154169,0
12380,0
160433,0
151830,0
252205,0
156332,0
205444,0
249882,0
169293,0
251877,0
152757,0
152969,0
155658,0
152927,0
163018,0
154797,0
205698,0
243776,0
151591,0
166295,0
152044,0
159864,0
170511,0
150892,0
289902,0
118327,0
144620,0
290135,0
12489,0
151601,0
157691,0
113146,0
150783,0
157269,0
119073,0
252020,0
154023,0
164743,0
154164,0
170233,0
154899,0
165005,0
158476,0
156444,0
152634,0
69749,0
251316,0
152847,0
218639,0
159731,0
153582,0
207257,0
167480,0
157934,0
207170,0
155529,0
153041,0
160092,0
153607,0
152006,0
157961,0
152312,0
292129,0
152865,0
172568,0
94316,0
158762,0
152669,0
150732,0
154895,0
150875,0
149785,0
251456,0
151997,0
151908,0
152527,0
150848,0
153301,0
12025,0
150679,0
153316,0
162370,0
415,0
165617,0
151246,0
155434,0
159279,0
165763,0
152980,0
252744,0
158574,0
126667,0
152488,0
11528,0
219395,0
165910,0
156063,0
163004,0
144272,0
156801,0
249938,0
98614,0
158554,0
153038,0
158556,0
12598,0
166326,0
150712,0
252066,0
155992,0
169996,0
205996,0
155139,0
217534,0
131406,0
165704,0
166658,0
172678,0
164158,0
163085,0
151941,0
144563,0
154922,0
158592,0
165516,0
159291,0
228046,0
152418,0
151991,0
207561,0
151911,0
168988,0
151600,0
252571,0
151028,0
156057,0
157265,0
249805,0
149632,0
206300,0
249832,0
153445,0
156808,0
156947,0
205913,0
155942,0
12151,0
158517,0
12621,0
249970,0
167782,0
199152,0
153522,0
250713,0
205351,0
160434,0
170091,0
157389,0
207405,0
167795,0
152822,0
80445,0
168176,0
206030,0
168145,0
160420,0
167913,0
159549,0
235526,0
168349,0
117353,0
151011,0
159317,0
151936,0
63074,0
158288,0
185046,0
64148,0
165709,0
165794,0
185729,0
158974,0
154888,0
152763,0
6689,0
249864,0
7021,0
252289,0
166255,0
131475,0
29536,0
156972,0
252743,0
165898,0
163005,0
153518,0
161308,0
99692,0
170516,0
217536,0
156692,0
165021,0
167756,0
149648,0
131827,0
32291,0
152025,0
252734,0
65099,0
133713,0
251946,0
150731,0
12357,0
166050,0
160048,0
165870,0
252738,0
144595,0
147101,0
249875,0
170209,0
252679,0
170510,0
152341,0
165682,0
219466,0
165677,0
167819,0
207390,0
152580,0
153940,0
152521,0
252735,0
166520,0
168344,0
207411,0
168006,0
160149,0
164003,0
152944,0
160062,0
160094,0
21709,0
167708,0
414,0
160423,0
163021,0
154232,0
158289,0
250744,0
64214,0
155725,0
153133,0
12149,0
144688,0
155981,0
165909,0
73952,0
249347,0
165012,0
151000,0
251109,0
170357,0
165906,0
249806,0
118974,0
155432,0
243079,0
250083,0
154140,0
164771,0
150602,0
236619,0
160309,0
144204,0
118389,0
164196,0
245408,0
153477,0
162986,0
249935,0
249867,0
167221,0
165700,0
184826,0
152041,0
32958,0
29073,0
152741,0
152561,0
151978,0
167785,0
252722,0
159705,0
153489,0
162926,0
153537,0
151851,0
167711,0
163088,0
152770,0
163007,0
249623,0
157088,0
11676,0
149729,0
75159,0
153601,0
144685,0
149747,0
160322,0
206734,0
155497,0
167765,0
163163,0
156491,0
205368,0
153854,0
164010,0
152408,0
156010,0
251794,0
158570,0
251453,0
167266,0
163086,0
152361,0
167800,0
156510,0
153232,0
158349,0
161642,0
251840,0
159588,0
242910,0
159514,0
165954,0
161550,0
252027,0
123114,0
290122,0
249905,0
250741,0
149792,0
152950,0
160074,0
150651,0
165385,0
290119,0
249913,0
11558,0
322,0
156402,0
30970,0
118177,0
149834,0
156554,0
153615,0
156541,0
252721,0
222585,0
159287,0
150572,0
251953,0
167761,0
223320,0
151172,0
167592,0
150548,0
249885,0
251823,0
251460,0
153051,0
100164,0
152414,0
98040,0
153869,0
249849,0
236509,0
249881,0
168564,0
118179,0
11398,0
30734,0
119059,0
153117,0
154062,0
158765,0
154063,0
150776,0
250205,0
155729,0
159090,0
31085,0
167127,0
252163,0
167713,0
151139,0
250723,0
131382,0
164765,0
251839,0
168627,0
167750,0
219496,0
152858,0
123890,0
152739,0
205867,0
168474,0
149788,0
252293,0
160176,0
150872,0
151134,0
156515,0
154903,0
158725,0
118147,0
167779,0
150705,0
153207,0
249767,0
153699,0
11771,0
206964,0
249770,0
152077,0
151950,0
152985,0
150168,0
166219,0
168582,0
238081,0
156630,0
166036,0
126746,0
152756,0
249837,0
150714,0
130686,0
150593,0
252137,0
167579,0
252208,0
168367,0
11594,0
159954,0
205280,0
160277,0
152623,0
150863,0
166940,0
249857,0
152161,0
153687,0
153101,0
252685,0
165548,0
156569,0
249599,0
112634,0
168600,0
166482,0
151265,0
165513,0
252690,0
251421,0
205289,0
172480,0
152285,0
168623,0
12626,0
152552,0
11484,0
249809,0
144527,0
153604,0
153240,0
165009,0
152774,0
150604,0
166951,0
115860,0
165546,0
156162,0
250735,0
205358,0
159476,0
165661,0
159529,0
250156,0
153611,0
122054,0
156823,0
144646,0
252692,0
153907,0
150745,0
243263,0
125633,0
151201,0
152108,0
153534,0
167481,0
153213,0
153968,0
153657,0
152374,0
158325,0
154735,0
152155,0
123904,0
152636,0
219225,0
153597,0
249773,0
249995,0
153187,0
252562,0
252266,0
249916,0
249785,0
159273,0
249779,0
166090,0
152795,0
154695,0
152637,0
152990,0
165018,0
151884,0
156543,0
153336,0
151880,0
155797,0
156387,0
249780,0
249205,0
154202,0
154736,0
152681,0
153223,0
289889,0
150791,0
154782,0
252680,0
218636,0
167479,0
252676,0
250740,0
151885,0
250685,0
152663,0
290113,0
249923,0
156445,0
7349,0
144678,0
153222,0
250734,0
163092,0
249895,0
144663,0
144671,0
249251,0
250722,0
152472,0
144677,0
155573,0
249799,0
164460,0
152164,0
249787,0
144652,0
152874,0
151140,0
152599,0
154099,0
152008,0
150576,0
132385,0
250669,0
250191,0
163090,0
151142,0
250730,0
151169,0
250717,0
153599,0
250230,0
249943,0
158305,0
382,0
150559,0
249783,0
